secteur,type,lettre,nom,nom_fichier,prompt
Primaire,produit,A,Pizza,primaire_produit_pizza.png,"Digital illustration of Pizza, centered composition, small children's card game style, semi-realistic and colorful, warm inviting lighting, clean bold outlines, simple uncluttered background, vibrant but harmonious colors, no text, no letters, no watermark, no signature, square format, leaves breathing room around the edges for a circular crop."
Primaire,constituant,,Blé,primaire_constituant_ble.png,"Digital illustration icon of Blé, centered on a plain light background, small children's card game style, semi-realistic and colorful, soft shading, clean bold outlines, simple and instantly recognizable silhouette even at small size, no text, no letters, no watermark, no signature, square format."
Primaire,constituant,,Tomate,primaire_constituant_tomate.png,"Digital illustration icon of Tomate, centered on a plain light background, small children's card game style, semi-realistic and colorful, soft shading, clean bold outlines, simple and instantly recognizable silhouette even at small size, no text, no letters, no watermark, no signature, square format."
Primaire,constituant,,Cochon,primaire_constituant_cochon.png,"Digital illustration icon of Cochon, centered on a plain light background, small children's card game style, semi-realistic and colorful, soft shading, clean bold outlines, simple and instantly recognizable silhouette even at small size, no text, no letters, no watermark, no signature, square format."
Primaire,constituant,,Vache,primaire_constituant_vache.png,"Digital illustration icon of Vache, centered on a plain light background, small children's card game style, semi-realistic and colorful, soft shading, clean bold outlines, simple and instantly recognizable silhouette even at small size, no text, no letters, no watermark, no signature, square format."
Primaire,constituant,,Olivier,primaire_constituant_olivier.png,"Digital illustration icon of Olivier, centered on a plain light background, small children's card game style, semi-realistic and colorful, soft shading, clean bold outlines, simple and instantly recognizable silhouette even at small size, no text, no letters, no watermark, no signature, square format."
Primaire,produit,B,Pain,primaire_produit_pain.png,"Digital illustration of Pain, centered composition, small children's card game style, semi-realistic and colorful, warm inviting lighting, clean bold outlines, simple uncluttered background, vibrant but harmonious colors, no text, no letters, no watermark, no signature, square format, leaves breathing room around the edges for a circular crop."
Primaire,constituant,,Eau,primaire_constituant_eau.png,"Digital illustration icon of Eau, centered on a plain light background, small children's card game style, semi-realistic and colorful, soft shading, clean bold outlines, simple and instantly recognizable silhouette even at small size, no text, no letters, no watermark, no signature, square format."
Primaire,constituant,,Sel,primaire_constituant_sel.png,"Digital illustration icon of Sel, centered on a plain light background, small children's card game style, semi-realistic and colorful, soft shading, clean bold outlines, simple and instantly recognizable silhouette even at small size, no text, no letters, no watermark, no signature, square format."
Primaire,constituant,,Levure,primaire_constituant_levure.png,"Digital illustration icon of Levure, centered on a plain light background, small children's card game style, semi-realistic and colorful, soft shading, clean bold outlines, simple and instantly recognizable silhouette even at small size, no text, no letters, no watermark, no signature, square format."
Primaire,constituant,,Seigle,primaire_constituant_seigle.png,"Digital illustration icon of Seigle, centered on a plain light background, small children's card game style, semi-realistic and colorful, soft shading, clean bold outlines, simple and instantly recognizable silhouette even at small size, no text, no letters, no watermark, no signature, square format."
Primaire,produit,C,Pâtes,primaire_produit_pates.png,"Digital illustration of Pâtes, centered composition, small children's card game style, semi-realistic and colorful, warm inviting lighting, clean bold outlines, simple uncluttered background, vibrant but harmonious colors, no text, no letters, no watermark, no signature, square format, leaves breathing room around the edges for a circular crop."
Primaire,constituant,,Blé dur,primaire_constituant_ble_dur.png,"Digital illustration icon of Blé dur, centered on a plain light background, small children's card game style, semi-realistic and colorful, soft shading, clean bold outlines, simple and instantly recognizable silhouette even at small size, no text, no letters, no watermark, no signature, square format."
Primaire,constituant,,Œuf,primaire_constituant_uf.png,"Digital illustration icon of Œuf, centered on a plain light background, small children's card game style, semi-realistic and colorful, soft shading, clean bold outlines, simple and instantly recognizable silhouette even at small size, no text, no letters, no watermark, no signature, square format."
Primaire,produit,D,Fromage,primaire_produit_fromage.png,"Digital illustration of Fromage, centered composition, small children's card game style, semi-realistic and colorful, warm inviting lighting, clean bold outlines, simple uncluttered background, vibrant but harmonious colors, no text, no letters, no watermark, no signature, square format, leaves breathing room around the edges for a circular crop."
Primaire,constituant,,Lait de vache,primaire_constituant_lait_de_vache.png,"Digital illustration icon of Lait de vache, centered on a plain light background, small children's card game style, semi-realistic and colorful, soft shading, clean bold outlines, simple and instantly recognizable silhouette even at small size, no text, no letters, no watermark, no signature, square format."
Primaire,constituant,,Présure,primaire_constituant_presure.png,"Digital illustration icon of Présure, centered on a plain light background, small children's card game style, semi-realistic and colorful, soft shading, clean bold outlines, simple and instantly recognizable silhouette even at small size, no text, no letters, no watermark, no signature, square format."
Primaire,constituant,,Herbes,primaire_constituant_herbes.png,"Digital illustration icon of Herbes, centered on a plain light background, small children's card game style, semi-realistic and colorful, soft shading, clean bold outlines, simple and instantly recognizable silhouette even at small size, no text, no letters, no watermark, no signature, square format."
Primaire,constituant,,Bois,primaire_constituant_bois.png,"Digital illustration icon of Bois, centered on a plain light background, small children's card game style, semi-realistic and colorful, soft shading, clean bold outlines, simple and instantly recognizable silhouette even at small size, no text, no letters, no watermark, no signature, square format."
Primaire,produit,E,Yaourt,primaire_produit_yaourt.png,"Digital illustration of Yaourt, centered composition, small children's card game style, semi-realistic and colorful, warm inviting lighting, clean bold outlines, simple uncluttered background, vibrant but harmonious colors, no text, no letters, no watermark, no signature, square format, leaves breathing room around the edges for a circular crop."
Primaire,constituant,,Ferments lactiques,primaire_constituant_ferments_lactiques.png,"Digital illustration icon of Ferments lactiques, centered on a plain light background, small children's card game style, semi-realistic and colorful, soft shading, clean bold outlines, simple and instantly recognizable silhouette even at small size, no text, no letters, no watermark, no signature, square format."
Primaire,constituant,,Fruits,primaire_constituant_fruits.png,"Digital illustration icon of Fruits, centered on a plain light background, small children's card game style, semi-realistic and colorful, soft shading, clean bold outlines, simple and instantly recognizable silhouette even at small size, no text, no letters, no watermark, no signature, square format."
Primaire,constituant,,Sucre,primaire_constituant_sucre.png,"Digital illustration icon of Sucre, centered on a plain light background, small children's card game style, semi-realistic and colorful, soft shading, clean bold outlines, simple and instantly recognizable silhouette even at small size, no text, no letters, no watermark, no signature, square format."
Primaire,produit,F,Chocolat,primaire_produit_chocolat.png,"Digital illustration of Chocolat, centered composition, small children's card game style, semi-realistic and colorful, warm inviting lighting, clean bold outlines, simple uncluttered background, vibrant but harmonious colors, no text, no letters, no watermark, no signature, square format, leaves breathing room around the edges for a circular crop."
Primaire,constituant,,Cacao,primaire_constituant_cacao.png,"Digital illustration icon of Cacao, centered on a plain light background, small children's card game style, semi-realistic and colorful, soft shading, clean bold outlines, simple and instantly recognizable silhouette even at small size, no text, no letters, no watermark, no signature, square format."
Primaire,constituant,,Canne à sucre,primaire_constituant_canne_a_sucre.png,"Digital illustration icon of Canne à sucre, centered on a plain light background, small children's card game style, semi-realistic and colorful, soft shading, clean bold outlines, simple and instantly recognizable silhouette even at small size, no text, no letters, no watermark, no signature, square format."
Primaire,constituant,,Lait,primaire_constituant_lait.png,"Digital illustration icon of Lait, centered on a plain light background, small children's card game style, semi-realistic and colorful, soft shading, clean bold outlines, simple and instantly recognizable silhouette even at small size, no text, no letters, no watermark, no signature, square format."
Primaire,constituant,,Vanille,primaire_constituant_vanille.png,"Digital illustration icon of Vanille, centered on a plain light background, small children's card game style, semi-realistic and colorful, soft shading, clean bold outlines, simple and instantly recognizable silhouette even at small size, no text, no letters, no watermark, no signature, square format."
Primaire,constituant,,Noisette,primaire_constituant_noisette.png,"Digital illustration icon of Noisette, centered on a plain light background, small children's card game style, semi-realistic and colorful, soft shading, clean bold outlines, simple and instantly recognizable silhouette even at small size, no text, no letters, no watermark, no signature, square format."
Primaire,produit,G,Confiture,primaire_produit_confiture.png,"Digital illustration of Confiture, centered composition, small children's card game style, semi-realistic and colorful, warm inviting lighting, clean bold outlines, simple uncluttered background, vibrant but harmonious colors, no text, no letters, no watermark, no signature, square format, leaves breathing room around the edges for a circular crop."
Primaire,constituant,,Fraise,primaire_constituant_fraise.png,"Digital illustration icon of Fraise, centered on a plain light background, small children's card game style, semi-realistic and colorful, soft shading, clean bold outlines, simple and instantly recognizable silhouette even at small size, no text, no letters, no watermark, no signature, square format."
Primaire,constituant,,Citron,primaire_constituant_citron.png,"Digital illustration icon of Citron, centered on a plain light background, small children's card game style, semi-realistic and colorful, soft shading, clean bold outlines, simple and instantly recognizable silhouette even at small size, no text, no letters, no watermark, no signature, square format."
Primaire,constituant,,Menthe,primaire_constituant_menthe.png,"Digital illustration icon of Menthe, centered on a plain light background, small children's card game style, semi-realistic and colorful, soft shading, clean bold outlines, simple and instantly recognizable silhouette even at small size, no text, no letters, no watermark, no signature, square format."
Primaire,produit,H,Huile d'olive,primaire_produit_huile_d_olive.png,"Digital illustration of Huile d'olive, centered composition, small children's card game style, semi-realistic and colorful, warm inviting lighting, clean bold outlines, simple uncluttered background, vibrant but harmonious colors, no text, no letters, no watermark, no signature, square format, leaves breathing room around the edges for a circular crop."
Primaire,constituant,,Olive,primaire_constituant_olive.png,"Digital illustration icon of Olive, centered on a plain light background, small children's card game style, semi-realistic and colorful, soft shading, clean bold outlines, simple and instantly recognizable silhouette even at small size, no text, no letters, no watermark, no signature, square format."
Primaire,produit,I,Vin,primaire_produit_vin.png,"Digital illustration of Vin, centered composition, small children's card game style, semi-realistic and colorful, warm inviting lighting, clean bold outlines, simple uncluttered background, vibrant but harmonious colors, no text, no letters, no watermark, no signature, square format, leaves breathing room around the edges for a circular crop."
Primaire,constituant,,Raisin,primaire_constituant_raisin.png,"Digital illustration icon of Raisin, centered on a plain light background, small children's card game style, semi-realistic and colorful, soft shading, clean bold outlines, simple and instantly recognizable silhouette even at small size, no text, no letters, no watermark, no signature, square format."
Primaire,constituant,,Levures,primaire_constituant_levures.png,"Digital illustration icon of Levures, centered on a plain light background, small children's card game style, semi-realistic and colorful, soft shading, clean bold outlines, simple and instantly recognizable silhouette even at small size, no text, no letters, no watermark, no signature, square format."
Primaire,constituant,,Chêne,primaire_constituant_chene.png,"Digital illustration icon of Chêne, centered on a plain light background, small children's card game style, semi-realistic and colorful, soft shading, clean bold outlines, simple and instantly recognizable silhouette even at small size, no text, no letters, no watermark, no signature, square format."
Primaire,produit,J,Bière,primaire_produit_biere.png,"Digital illustration of Bière, centered composition, small children's card game style, semi-realistic and colorful, warm inviting lighting, clean bold outlines, simple uncluttered background, vibrant but harmonious colors, no text, no letters, no watermark, no signature, square format, leaves breathing room around the edges for a circular crop."
Primaire,constituant,,Orge,primaire_constituant_orge.png,"Digital illustration icon of Orge, centered on a plain light background, small children's card game style, semi-realistic and colorful, soft shading, clean bold outlines, simple and instantly recognizable silhouette even at small size, no text, no letters, no watermark, no signature, square format."
Primaire,constituant,,Houblon,primaire_constituant_houblon.png,"Digital illustration icon of Houblon, centered on a plain light background, small children's card game style, semi-realistic and colorful, soft shading, clean bold outlines, simple and instantly recognizable silhouette even at small size, no text, no letters, no watermark, no signature, square format."
Primaire,produit,K,Jus d'orange,primaire_produit_jus_d_orange.png,"Digital illustration of Jus d'orange, centered composition, small children's card game style, semi-realistic and colorful, warm inviting lighting, clean bold outlines, simple uncluttered background, vibrant but harmonious colors, no text, no letters, no watermark, no signature, square format, leaves breathing room around the edges for a circular crop."
Primaire,constituant,,Orange,primaire_constituant_orange.png,"Digital illustration icon of Orange, centered on a plain light background, small children's card game style, semi-realistic and colorful, soft shading, clean bold outlines, simple and instantly recognizable silhouette even at small size, no text, no letters, no watermark, no signature, square format."
Primaire,produit,L,Conserve de tomate,primaire_produit_conserve_de_tomate.png,"Digital illustration of Conserve de tomate, centered composition, small children's card game style, semi-realistic and colorful, warm inviting lighting, clean bold outlines, simple uncluttered background, vibrant but harmonious colors, no text, no letters, no watermark, no signature, square format, leaves breathing room around the edges for a circular crop."
Primaire,constituant,,Basilic,primaire_constituant_basilic.png,"Digital illustration icon of Basilic, centered on a plain light background, small children's card game style, semi-realistic and colorful, soft shading, clean bold outlines, simple and instantly recognizable silhouette even at small size, no text, no letters, no watermark, no signature, square format."
Primaire,constituant,,Huile d'olive,primaire_constituant_huile_d_olive.png,"Digital illustration icon of Huile d'olive, centered on a plain light background, small children's card game style, semi-realistic and colorful, soft shading, clean bold outlines, simple and instantly recognizable silhouette even at small size, no text, no letters, no watermark, no signature, square format."
Primaire,produit,M,Sauce tomate,primaire_produit_sauce_tomate.png,"Digital illustration of Sauce tomate, centered composition, small children's card game style, semi-realistic and colorful, warm inviting lighting, clean bold outlines, simple uncluttered background, vibrant but harmonious colors, no text, no letters, no watermark, no signature, square format, leaves breathing room around the edges for a circular crop."
Primaire,constituant,,Oignon,primaire_constituant_oignon.png,"Digital illustration icon of Oignon, centered on a plain light background, small children's card game style, semi-realistic and colorful, soft shading, clean bold outlines, simple and instantly recognizable silhouette even at small size, no text, no letters, no watermark, no signature, square format."
Primaire,constituant,,Ail,primaire_constituant_ail.png,"Digital illustration icon of Ail, centered on a plain light background, small children's card game style, semi-realistic and colorful, soft shading, clean bold outlines, simple and instantly recognizable silhouette even at small size, no text, no letters, no watermark, no signature, square format."
Primaire,produit,N,Saucisson,primaire_produit_saucisson.png,"Digital illustration of Saucisson, centered composition, small children's card game style, semi-realistic and colorful, warm inviting lighting, clean bold outlines, simple uncluttered background, vibrant but harmonious colors, no text, no letters, no watermark, no signature, square format, leaves breathing room around the edges for a circular crop."
Primaire,constituant,,Porc,primaire_constituant_porc.png,"Digital illustration icon of Porc, centered on a plain light background, small children's card game style, semi-realistic and colorful, soft shading, clean bold outlines, simple and instantly recognizable silhouette even at small size, no text, no letters, no watermark, no signature, square format."
Primaire,constituant,,Poivre,primaire_constituant_poivre.png,"Digital illustration icon of Poivre, centered on a plain light background, small children's card game style, semi-realistic and colorful, soft shading, clean bold outlines, simple and instantly recognizable silhouette even at small size, no text, no letters, no watermark, no signature, square format."
Primaire,constituant,,Vin,primaire_constituant_vin.png,"Digital illustration icon of Vin, centered on a plain light background, small children's card game style, semi-realistic and colorful, soft shading, clean bold outlines, simple and instantly recognizable silhouette even at small size, no text, no letters, no watermark, no signature, square format."
Primaire,produit,O,Jambon,primaire_produit_jambon.png,"Digital illustration of Jambon, centered composition, small children's card game style, semi-realistic and colorful, warm inviting lighting, clean bold outlines, simple uncluttered background, vibrant but harmonious colors, no text, no letters, no watermark, no signature, square format, leaves breathing room around the edges for a circular crop."
Primaire,constituant,,Bois de hêtre,primaire_constituant_bois_de_hetre.png,"Digital illustration icon of Bois de hêtre, centered on a plain light background, small children's card game style, semi-realistic and colorful, soft shading, clean bold outlines, simple and instantly recognizable silhouette even at small size, no text, no letters, no watermark, no signature, square format."
Primaire,constituant,,Miel,primaire_constituant_miel.png,"Digital illustration icon of Miel, centered on a plain light background, small children's card game style, semi-realistic and colorful, soft shading, clean bold outlines, simple and instantly recognizable silhouette even at small size, no text, no letters, no watermark, no signature, square format."
Primaire,produit,P,Savon végétal,primaire_produit_savon_vegetal.png,"Digital illustration of Savon végétal, centered composition, small children's card game style, semi-realistic and colorful, warm inviting lighting, clean bold outlines, simple uncluttered background, vibrant but harmonious colors, no text, no letters, no watermark, no signature, square format, leaves breathing room around the edges for a circular crop."
Primaire,constituant,,Soude,primaire_constituant_soude.png,"Digital illustration icon of Soude, centered on a plain light background, small children's card game style, semi-realistic and colorful, soft shading, clean bold outlines, simple and instantly recognizable silhouette even at small size, no text, no letters, no watermark, no signature, square format."
Primaire,constituant,,Lavande,primaire_constituant_lavande.png,"Digital illustration icon of Lavande, centered on a plain light background, small children's card game style, semi-realistic and colorful, soft shading, clean bold outlines, simple and instantly recognizable silhouette even at small size, no text, no letters, no watermark, no signature, square format."
Primaire,produit,Q,Papier,primaire_produit_papier.png,"Digital illustration of Papier, centered composition, small children's card game style, semi-realistic and colorful, warm inviting lighting, clean bold outlines, simple uncluttered background, vibrant but harmonious colors, no text, no letters, no watermark, no signature, square format, leaves breathing room around the edges for a circular crop."
Primaire,constituant,,Lin,primaire_constituant_lin.png,"Digital illustration icon of Lin, centered on a plain light background, small children's card game style, semi-realistic and colorful, soft shading, clean bold outlines, simple and instantly recognizable silhouette even at small size, no text, no letters, no watermark, no signature, square format."
Primaire,constituant,,Chanvre,primaire_constituant_chanvre.png,"Digital illustration icon of Chanvre, centered on a plain light background, small children's card game style, semi-realistic and colorful, soft shading, clean bold outlines, simple and instantly recognizable silhouette even at small size, no text, no letters, no watermark, no signature, square format."
Primaire,constituant,,Amidon,primaire_constituant_amidon.png,"Digital illustration icon of Amidon, centered on a plain light background, small children's card game style, semi-realistic and colorful, soft shading, clean bold outlines, simple and instantly recognizable silhouette even at small size, no text, no letters, no watermark, no signature, square format."
Primaire,produit,R,Tissu de coton,primaire_produit_tissu_de_coton.png,"Digital illustration of Tissu de coton, centered composition, small children's card game style, semi-realistic and colorful, warm inviting lighting, clean bold outlines, simple uncluttered background, vibrant but harmonious colors, no text, no letters, no watermark, no signature, square format, leaves breathing room around the edges for a circular crop."
Primaire,constituant,,Coton,primaire_constituant_coton.png,"Digital illustration icon of Coton, centered on a plain light background, small children's card game style, semi-realistic and colorful, soft shading, clean bold outlines, simple and instantly recognizable silhouette even at small size, no text, no letters, no watermark, no signature, square format."
Primaire,constituant,,Teinture végétale,primaire_constituant_teinture_vegetale.png,"Digital illustration icon of Teinture végétale, centered on a plain light background, small children's card game style, semi-realistic and colorful, soft shading, clean bold outlines, simple and instantly recognizable silhouette even at small size, no text, no letters, no watermark, no signature, square format."
Primaire,constituant,,Cire,primaire_constituant_cire.png,"Digital illustration icon of Cire, centered on a plain light background, small children's card game style, semi-realistic and colorful, soft shading, clean bold outlines, simple and instantly recognizable silhouette even at small size, no text, no letters, no watermark, no signature, square format."
Primaire,produit,S,Cuir,primaire_produit_cuir.png,"Digital illustration of Cuir, centered composition, small children's card game style, semi-realistic and colorful, warm inviting lighting, clean bold outlines, simple uncluttered background, vibrant but harmonious colors, no text, no letters, no watermark, no signature, square format, leaves breathing room around the edges for a circular crop."
Primaire,constituant,,Peau bovine,primaire_constituant_peau_bovine.png,"Digital illustration icon of Peau bovine, centered on a plain light background, small children's card game style, semi-realistic and colorful, soft shading, clean bold outlines, simple and instantly recognizable silhouette even at small size, no text, no letters, no watermark, no signature, square format."
Primaire,constituant,,Tanins végétaux,primaire_constituant_tanins_vegetaux.png,"Digital illustration icon of Tanins végétaux, centered on a plain light background, small children's card game style, semi-realistic and colorful, soft shading, clean bold outlines, simple and instantly recognizable silhouette even at small size, no text, no letters, no watermark, no signature, square format."
Primaire,constituant,,Huiles végétales,primaire_constituant_huiles_vegetales.png,"Digital illustration icon of Huiles végétales, centered on a plain light background, small children's card game style, semi-realistic and colorful, soft shading, clean bold outlines, simple and instantly recognizable silhouette even at small size, no text, no letters, no watermark, no signature, square format."
Primaire,produit,T,Parfum naturel,primaire_produit_parfum_naturel.png,"Digital illustration of Parfum naturel, centered composition, small children's card game style, semi-realistic and colorful, warm inviting lighting, clean bold outlines, simple uncluttered background, vibrant but harmonious colors, no text, no letters, no watermark, no signature, square format, leaves breathing room around the edges for a circular crop."
Primaire,constituant,,Fleurs,primaire_constituant_fleurs.png,"Digital illustration icon of Fleurs, centered on a plain light background, small children's card game style, semi-realistic and colorful, soft shading, clean bold outlines, simple and instantly recognizable silhouette even at small size, no text, no letters, no watermark, no signature, square format."
Primaire,constituant,,Agrumes,primaire_constituant_agrumes.png,"Digital illustration icon of Agrumes, centered on a plain light background, small children's card game style, semi-realistic and colorful, soft shading, clean bold outlines, simple and instantly recognizable silhouette even at small size, no text, no letters, no watermark, no signature, square format."
Primaire,constituant,,Herbes aromatiques,primaire_constituant_herbes_aromatiques.png,"Digital illustration icon of Herbes aromatiques, centered on a plain light background, small children's card game style, semi-realistic and colorful, soft shading, clean bold outlines, simple and instantly recognizable silhouette even at small size, no text, no letters, no watermark, no signature, square format."
Primaire,constituant,,Alcool végétal,primaire_constituant_alcool_vegetal.png,"Digital illustration icon of Alcool végétal, centered on a plain light background, small children's card game style, semi-realistic and colorful, soft shading, clean bold outlines, simple and instantly recognizable silhouette even at small size, no text, no letters, no watermark, no signature, square format."
Primaire,produit,U,Bougie,primaire_produit_bougie.png,"Digital illustration of Bougie, centered composition, small children's card game style, semi-realistic and colorful, warm inviting lighting, clean bold outlines, simple uncluttered background, vibrant but harmonious colors, no text, no letters, no watermark, no signature, square format, leaves breathing room around the edges for a circular crop."
Primaire,constituant,,Cire d'abeille,primaire_constituant_cire_d_abeille.png,"Digital illustration icon of Cire d'abeille, centered on a plain light background, small children's card game style, semi-realistic and colorful, soft shading, clean bold outlines, simple and instantly recognizable silhouette even at small size, no text, no letters, no watermark, no signature, square format."
Primaire,constituant,,Résine,primaire_constituant_resine.png,"Digital illustration icon of Résine, centered on a plain light background, small children's card game style, semi-realistic and colorful, soft shading, clean bold outlines, simple and instantly recognizable silhouette even at small size, no text, no letters, no watermark, no signature, square format."
Primaire,produit,V,Paniers tressés,primaire_produit_paniers_tresses.png,"Digital illustration of Paniers tressés, centered composition, small children's card game style, semi-realistic and colorful, warm inviting lighting, clean bold outlines, simple uncluttered background, vibrant but harmonious colors, no text, no letters, no watermark, no signature, square format, leaves breathing room around the edges for a circular crop."
Primaire,constituant,,Osier,primaire_constituant_osier.png,"Digital illustration icon of Osier, centered on a plain light background, small children's card game style, semi-realistic and colorful, soft shading, clean bold outlines, simple and instantly recognizable silhouette even at small size, no text, no letters, no watermark, no signature, square format."
Primaire,constituant,,Roseau,primaire_constituant_roseau.png,"Digital illustration icon of Roseau, centered on a plain light background, small children's card game style, semi-realistic and colorful, soft shading, clean bold outlines, simple and instantly recognizable silhouette even at small size, no text, no letters, no watermark, no signature, square format."
Primaire,produit,W,Meuble en bois,primaire_produit_meuble_en_bois.png,"Digital illustration of Meuble en bois, centered composition, small children's card game style, semi-realistic and colorful, warm inviting lighting, clean bold outlines, simple uncluttered background, vibrant but harmonious colors, no text, no letters, no watermark, no signature, square format, leaves breathing room around the edges for a circular crop."
Primaire,constituant,,Pierre,primaire_constituant_pierre.png,"Digital illustration icon of Pierre, centered on a plain light background, small children's card game style, semi-realistic and colorful, soft shading, clean bold outlines, simple and instantly recognizable silhouette even at small size, no text, no letters, no watermark, no signature, square format."
Primaire,produit,X,Poterie,primaire_produit_poterie.png,"Digital illustration of Poterie, centered composition, small children's card game style, semi-realistic and colorful, warm inviting lighting, clean bold outlines, simple uncluttered background, vibrant but harmonious colors, no text, no letters, no watermark, no signature, square format, leaves breathing room around the edges for a circular crop."
Primaire,constituant,,Argile,primaire_constituant_argile.png,"Digital illustration icon of Argile, centered on a plain light background, small children's card game style, semi-realistic and colorful, soft shading, clean bold outlines, simple and instantly recognizable silhouette even at small size, no text, no letters, no watermark, no signature, square format."
Primaire,constituant,,Sable,primaire_constituant_sable.png,"Digital illustration icon of Sable, centered on a plain light background, small children's card game style, semi-realistic and colorful, soft shading, clean bold outlines, simple and instantly recognizable silhouette even at small size, no text, no letters, no watermark, no signature, square format."
Primaire,constituant,,Pigments naturels,primaire_constituant_pigments_naturels.png,"Digital illustration icon of Pigments naturels, centered on a plain light background, small children's card game style, semi-realistic and colorful, soft shading, clean bold outlines, simple and instantly recognizable silhouette even at small size, no text, no letters, no watermark, no signature, square format."
Primaire,produit,Y,Brique,primaire_produit_brique.png,"Digital illustration of Brique, centered composition, small children's card game style, semi-realistic and colorful, warm inviting lighting, clean bold outlines, simple uncluttered background, vibrant but harmonious colors, no text, no letters, no watermark, no signature, square format, leaves breathing room around the edges for a circular crop."
Primaire,constituant,,Paille,primaire_constituant_paille.png,"Digital illustration icon of Paille, centered on a plain light background, small children's card game style, semi-realistic and colorful, soft shading, clean bold outlines, simple and instantly recognizable silhouette even at small size, no text, no letters, no watermark, no signature, square format."
Primaire,produit,Z,Toiture en chaume,primaire_produit_toiture_en_chaume.png,"Digital illustration of Toiture en chaume, centered composition, small children's card game style, semi-realistic and colorful, warm inviting lighting, clean bold outlines, simple uncluttered background, vibrant but harmonious colors, no text, no letters, no watermark, no signature, square format, leaves breathing room around the edges for a circular crop."
Secondaire,produit,A,Vélo,secondaire_produit_velo.png,"Digital illustration of Vélo, centered composition, small children's card game style, semi-realistic and colorful, warm inviting lighting, clean bold outlines, simple uncluttered background, vibrant but harmonious colors, no text, no letters, no watermark, no signature, square format, leaves breathing room around the edges for a circular crop."
Secondaire,constituant,,Acier,secondaire_constituant_acier.png,"Digital illustration icon of Acier, centered on a plain light background, small children's card game style, semi-realistic and colorful, soft shading, clean bold outlines, simple and instantly recognizable silhouette even at small size, no text, no letters, no watermark, no signature, square format."
Secondaire,constituant,,Aluminium,secondaire_constituant_aluminium.png,"Digital illustration icon of Aluminium, centered on a plain light background, small children's card game style, semi-realistic and colorful, soft shading, clean bold outlines, simple and instantly recognizable silhouette even at small size, no text, no letters, no watermark, no signature, square format."
Secondaire,constituant,,Caoutchouc,secondaire_constituant_caoutchouc.png,"Digital illustration icon of Caoutchouc, centered on a plain light background, small children's card game style, semi-realistic and colorful, soft shading, clean bold outlines, simple and instantly recognizable silhouette even at small size, no text, no letters, no watermark, no signature, square format."
Secondaire,constituant,,Verre,secondaire_constituant_verre.png,"Digital illustration icon of Verre, centered on a plain light background, small children's card game style, semi-realistic and colorful, soft shading, clean bold outlines, simple and instantly recognizable silhouette even at small size, no text, no letters, no watermark, no signature, square format."
Secondaire,constituant,,Textile,secondaire_constituant_textile.png,"Digital illustration icon of Textile, centered on a plain light background, small children's card game style, semi-realistic and colorful, soft shading, clean bold outlines, simple and instantly recognizable silhouette even at small size, no text, no letters, no watermark, no signature, square format."
Secondaire,produit,B,Voiture,secondaire_produit_voiture.png,"Digital illustration of Voiture, centered composition, small children's card game style, semi-realistic and colorful, warm inviting lighting, clean bold outlines, simple uncluttered background, vibrant but harmonious colors, no text, no letters, no watermark, no signature, square format, leaves breathing room around the edges for a circular crop."
Secondaire,constituant,,Plastique,secondaire_constituant_plastique.png,"Digital illustration icon of Plastique, centered on a plain light background, small children's card game style, semi-realistic and colorful, soft shading, clean bold outlines, simple and instantly recognizable silhouette even at small size, no text, no letters, no watermark, no signature, square format."
Secondaire,produit,C,Tracteur,secondaire_produit_tracteur.png,"Digital illustration of Tracteur, centered composition, small children's card game style, semi-realistic and colorful, warm inviting lighting, clean bold outlines, simple uncluttered background, vibrant but harmonious colors, no text, no letters, no watermark, no signature, square format, leaves breathing room around the edges for a circular crop."
Secondaire,produit,D,Bouteille en verre,secondaire_produit_bouteille_en_verre.png,"Digital illustration of Bouteille en verre, centered composition, small children's card game style, semi-realistic and colorful, warm inviting lighting, clean bold outlines, simple uncluttered background, vibrant but harmonious colors, no text, no letters, no watermark, no signature, square format, leaves breathing room around the edges for a circular crop."
Secondaire,constituant,,Silice,secondaire_constituant_silice.png,"Digital illustration icon of Silice, centered on a plain light background, small children's card game style, semi-realistic and colorful, soft shading, clean bold outlines, simple and instantly recognizable silhouette even at small size, no text, no letters, no watermark, no signature, square format."
Secondaire,constituant,,Sodium,secondaire_constituant_sodium.png,"Digital illustration icon of Sodium, centered on a plain light background, small children's card game style, semi-realistic and colorful, soft shading, clean bold outlines, simple and instantly recognizable silhouette even at small size, no text, no letters, no watermark, no signature, square format."
Secondaire,constituant,,Calcium,secondaire_constituant_calcium.png,"Digital illustration icon of Calcium, centered on a plain light background, small children's card game style, semi-realistic and colorful, soft shading, clean bold outlines, simple and instantly recognizable silhouette even at small size, no text, no letters, no watermark, no signature, square format."
Secondaire,constituant,,Pigments,secondaire_constituant_pigments.png,"Digital illustration icon of Pigments, centered on a plain light background, small children's card game style, semi-realistic and colorful, soft shading, clean bold outlines, simple and instantly recognizable silhouette even at small size, no text, no letters, no watermark, no signature, square format."
Secondaire,produit,E,Fenêtre,secondaire_produit_fenetre.png,"Digital illustration of Fenêtre, centered composition, small children's card game style, semi-realistic and colorful, warm inviting lighting, clean bold outlines, simple uncluttered background, vibrant but harmonious colors, no text, no letters, no watermark, no signature, square format, leaves breathing room around the edges for a circular crop."
Secondaire,constituant,,Silicone,secondaire_constituant_silicone.png,"Digital illustration icon of Silicone, centered on a plain light background, small children's card game style, semi-realistic and colorful, soft shading, clean bold outlines, simple and instantly recognizable silhouette even at small size, no text, no letters, no watermark, no signature, square format."
Secondaire,constituant,,Bois,secondaire_constituant_bois.png,"Digital illustration icon of Bois, centered on a plain light background, small children's card game style, semi-realistic and colorful, soft shading, clean bold outlines, simple and instantly recognizable silhouette even at small size, no text, no letters, no watermark, no signature, square format."
Secondaire,produit,F,Chaussure,secondaire_produit_chaussure.png,"Digital illustration of Chaussure, centered composition, small children's card game style, semi-realistic and colorful, warm inviting lighting, clean bold outlines, simple uncluttered background, vibrant but harmonious colors, no text, no letters, no watermark, no signature, square format, leaves breathing room around the edges for a circular crop."
Secondaire,constituant,,Cuir,secondaire_constituant_cuir.png,"Digital illustration icon of Cuir, centered on a plain light background, small children's card game style, semi-realistic and colorful, soft shading, clean bold outlines, simple and instantly recognizable silhouette even at small size, no text, no letters, no watermark, no signature, square format."
Secondaire,constituant,,Colle,secondaire_constituant_colle.png,"Digital illustration icon of Colle, centered on a plain light background, small children's card game style, semi-realistic and colorful, soft shading, clean bold outlines, simple and instantly recognizable silhouette even at small size, no text, no letters, no watermark, no signature, square format."
Secondaire,produit,G,Vêtement,secondaire_produit_vetement.png,"Digital illustration of Vêtement, centered composition, small children's card game style, semi-realistic and colorful, warm inviting lighting, clean bold outlines, simple uncluttered background, vibrant but harmonious colors, no text, no letters, no watermark, no signature, square format, leaves breathing room around the edges for a circular crop."
Secondaire,constituant,,Coton,secondaire_constituant_coton.png,"Digital illustration icon of Coton, centered on a plain light background, small children's card game style, semi-realistic and colorful, soft shading, clean bold outlines, simple and instantly recognizable silhouette even at small size, no text, no letters, no watermark, no signature, square format."
Secondaire,constituant,,Polyester,secondaire_constituant_polyester.png,"Digital illustration icon of Polyester, centered on a plain light background, small children's card game style, semi-realistic and colorful, soft shading, clean bold outlines, simple and instantly recognizable silhouette even at small size, no text, no letters, no watermark, no signature, square format."
Secondaire,constituant,,Laine,secondaire_constituant_laine.png,"Digital illustration icon of Laine, centered on a plain light background, small children's card game style, semi-realistic and colorful, soft shading, clean bold outlines, simple and instantly recognizable silhouette even at small size, no text, no letters, no watermark, no signature, square format."
Secondaire,constituant,,Teinture,secondaire_constituant_teinture.png,"Digital illustration icon of Teinture, centered on a plain light background, small children's card game style, semi-realistic and colorful, soft shading, clean bold outlines, simple and instantly recognizable silhouette even at small size, no text, no letters, no watermark, no signature, square format."
Secondaire,constituant,,Fil métallique,secondaire_constituant_fil_metallique.png,"Digital illustration icon of Fil métallique, centered on a plain light background, small children's card game style, semi-realistic and colorful, soft shading, clean bold outlines, simple and instantly recognizable silhouette even at small size, no text, no letters, no watermark, no signature, square format."
Secondaire,produit,H,Chaise,secondaire_produit_chaise.png,"Digital illustration of Chaise, centered composition, small children's card game style, semi-realistic and colorful, warm inviting lighting, clean bold outlines, simple uncluttered background, vibrant but harmonious colors, no text, no letters, no watermark, no signature, square format, leaves breathing room around the edges for a circular crop."
Secondaire,constituant,,Mousse,secondaire_constituant_mousse.png,"Digital illustration icon of Mousse, centered on a plain light background, small children's card game style, semi-realistic and colorful, soft shading, clean bold outlines, simple and instantly recognizable silhouette even at small size, no text, no letters, no watermark, no signature, square format."
Secondaire,produit,I,Table,secondaire_produit_table.png,"Digital illustration of Table, centered composition, small children's card game style, semi-realistic and colorful, warm inviting lighting, clean bold outlines, simple uncluttered background, vibrant but harmonious colors, no text, no letters, no watermark, no signature, square format, leaves breathing room around the edges for a circular crop."
Secondaire,constituant,,Vernis,secondaire_constituant_vernis.png,"Digital illustration icon of Vernis, centered on a plain light background, small children's card game style, semi-realistic and colorful, soft shading, clean bold outlines, simple and instantly recognizable silhouette even at small size, no text, no letters, no watermark, no signature, square format."
Secondaire,produit,J,Machine à laver,secondaire_produit_machine_a_laver.png,"Digital illustration of Machine à laver, centered composition, small children's card game style, semi-realistic and colorful, warm inviting lighting, clean bold outlines, simple uncluttered background, vibrant but harmonious colors, no text, no letters, no watermark, no signature, square format, leaves breathing room around the edges for a circular crop."
Secondaire,constituant,,Cuivre,secondaire_constituant_cuivre.png,"Digital illustration icon of Cuivre, centered on a plain light background, small children's card game style, semi-realistic and colorful, soft shading, clean bold outlines, simple and instantly recognizable silhouette even at small size, no text, no letters, no watermark, no signature, square format."
Secondaire,produit,K,Réfrigérateur,secondaire_produit_refrigerateur.png,"Digital illustration of Réfrigérateur, centered composition, small children's card game style, semi-realistic and colorful, warm inviting lighting, clean bold outlines, simple uncluttered background, vibrant but harmonious colors, no text, no letters, no watermark, no signature, square format, leaves breathing room around the edges for a circular crop."
Secondaire,constituant,,Mousse isolante,secondaire_constituant_mousse_isolante.png,"Digital illustration icon of Mousse isolante, centered on a plain light background, small children's card game style, semi-realistic and colorful, soft shading, clean bold outlines, simple and instantly recognizable silhouette even at small size, no text, no letters, no watermark, no signature, square format."
Secondaire,produit,L,Four,secondaire_produit_four.png,"Digital illustration of Four, centered composition, small children's card game style, semi-realistic and colorful, warm inviting lighting, clean bold outlines, simple uncluttered background, vibrant but harmonious colors, no text, no letters, no watermark, no signature, square format, leaves breathing room around the edges for a circular crop."
Secondaire,constituant,,Céramique,secondaire_constituant_ceramique.png,"Digital illustration icon of Céramique, centered on a plain light background, small children's card game style, semi-realistic and colorful, soft shading, clean bold outlines, simple and instantly recognizable silhouette even at small size, no text, no letters, no watermark, no signature, square format."
Secondaire,produit,M,Batterie automobile,secondaire_produit_batterie_automobile.png,"Digital illustration of Batterie automobile, centered composition, small children's card game style, semi-realistic and colorful, warm inviting lighting, clean bold outlines, simple uncluttered background, vibrant but harmonious colors, no text, no letters, no watermark, no signature, square format, leaves breathing room around the edges for a circular crop."
Secondaire,constituant,,Plomb,secondaire_constituant_plomb.png,"Digital illustration icon of Plomb, centered on a plain light background, small children's card game style, semi-realistic and colorful, soft shading, clean bold outlines, simple and instantly recognizable silhouette even at small size, no text, no letters, no watermark, no signature, square format."
Secondaire,constituant,,Acide,secondaire_constituant_acide.png,"Digital illustration icon of Acide, centered on a plain light background, small children's card game style, semi-realistic and colorful, soft shading, clean bold outlines, simple and instantly recognizable silhouette even at small size, no text, no letters, no watermark, no signature, square format."
Secondaire,produit,N,Panneau solaire,secondaire_produit_panneau_solaire.png,"Digital illustration of Panneau solaire, centered composition, small children's card game style, semi-realistic and colorful, warm inviting lighting, clean bold outlines, simple uncluttered background, vibrant but harmonious colors, no text, no letters, no watermark, no signature, square format, leaves breathing room around the edges for a circular crop."
Secondaire,constituant,,Silicium,secondaire_constituant_silicium.png,"Digital illustration icon of Silicium, centered on a plain light background, small children's card game style, semi-realistic and colorful, soft shading, clean bold outlines, simple and instantly recognizable silhouette even at small size, no text, no letters, no watermark, no signature, square format."
Secondaire,produit,O,Éolienne,secondaire_produit_eolienne.png,"Digital illustration of Éolienne, centered composition, small children's card game style, semi-realistic and colorful, warm inviting lighting, clean bold outlines, simple uncluttered background, vibrant but harmonious colors, no text, no letters, no watermark, no signature, square format, leaves breathing room around the edges for a circular crop."
Secondaire,constituant,,Fibre de verre,secondaire_constituant_fibre_de_verre.png,"Digital illustration icon of Fibre de verre, centered on a plain light background, small children's card game style, semi-realistic and colorful, soft shading, clean bold outlines, simple and instantly recognizable silhouette even at small size, no text, no letters, no watermark, no signature, square format."
Secondaire,constituant,,Résine,secondaire_constituant_resine.png,"Digital illustration icon of Résine, centered on a plain light background, small children's card game style, semi-realistic and colorful, soft shading, clean bold outlines, simple and instantly recognizable silhouette even at small size, no text, no letters, no watermark, no signature, square format."
Secondaire,produit,P,Bateau,secondaire_produit_bateau.png,"Digital illustration of Bateau, centered composition, small children's card game style, semi-realistic and colorful, warm inviting lighting, clean bold outlines, simple uncluttered background, vibrant but harmonious colors, no text, no letters, no watermark, no signature, square format, leaves breathing room around the edges for a circular crop."
Secondaire,produit,Q,Train,secondaire_produit_train.png,"Digital illustration of Train, centered composition, small children's card game style, semi-realistic and colorful, warm inviting lighting, clean bold outlines, simple uncluttered background, vibrant but harmonious colors, no text, no letters, no watermark, no signature, square format, leaves breathing room around the edges for a circular crop."
Secondaire,produit,R,Avion,secondaire_produit_avion.png,"Digital illustration of Avion, centered composition, small children's card game style, semi-realistic and colorful, warm inviting lighting, clean bold outlines, simple uncluttered background, vibrant but harmonious colors, no text, no letters, no watermark, no signature, square format, leaves breathing room around the edges for a circular crop."
Secondaire,constituant,,Titane,secondaire_constituant_titane.png,"Digital illustration icon of Titane, centered on a plain light background, small children's card game style, semi-realistic and colorful, soft shading, clean bold outlines, simple and instantly recognizable silhouette even at small size, no text, no letters, no watermark, no signature, square format."
Secondaire,constituant,,Fibre de carbone,secondaire_constituant_fibre_de_carbone.png,"Digital illustration icon of Fibre de carbone, centered on a plain light background, small children's card game style, semi-realistic and colorful, soft shading, clean bold outlines, simple and instantly recognizable silhouette even at small size, no text, no letters, no watermark, no signature, square format."
Secondaire,produit,S,Maison préfabriquée,secondaire_produit_maison_prefabriquee.png,"Digital illustration of Maison préfabriquée, centered composition, small children's card game style, semi-realistic and colorful, warm inviting lighting, clean bold outlines, simple uncluttered background, vibrant but harmonious colors, no text, no letters, no watermark, no signature, square format, leaves breathing room around the edges for a circular crop."
Secondaire,constituant,,Béton,secondaire_constituant_beton.png,"Digital illustration icon of Béton, centered on a plain light background, small children's card game style, semi-realistic and colorful, soft shading, clean bold outlines, simple and instantly recognizable silhouette even at small size, no text, no letters, no watermark, no signature, square format."
Secondaire,constituant,,Isolant,secondaire_constituant_isolant.png,"Digital illustration icon of Isolant, centered on a plain light background, small children's card game style, semi-realistic and colorful, soft shading, clean bold outlines, simple and instantly recognizable silhouette even at small size, no text, no letters, no watermark, no signature, square format."
Secondaire,produit,T,Pont métallique,secondaire_produit_pont_metallique.png,"Digital illustration of Pont métallique, centered composition, small children's card game style, semi-realistic and colorful, warm inviting lighting, clean bold outlines, simple uncluttered background, vibrant but harmonious colors, no text, no letters, no watermark, no signature, square format, leaves breathing room around the edges for a circular crop."
Secondaire,constituant,,Peinture,secondaire_constituant_peinture.png,"Digital illustration icon of Peinture, centered on a plain light background, small children's card game style, semi-realistic and colorful, soft shading, clean bold outlines, simple and instantly recognizable silhouette even at small size, no text, no letters, no watermark, no signature, square format."
Secondaire,constituant,,Câbles,secondaire_constituant_cables.png,"Digital illustration icon of Câbles, centered on a plain light background, small children's card game style, semi-realistic and colorful, soft shading, clean bold outlines, simple and instantly recognizable silhouette even at small size, no text, no letters, no watermark, no signature, square format."
Secondaire,produit,U,Béton armé,secondaire_produit_beton_arme.png,"Digital illustration of Béton armé, centered composition, small children's card game style, semi-realistic and colorful, warm inviting lighting, clean bold outlines, simple uncluttered background, vibrant but harmonious colors, no text, no letters, no watermark, no signature, square format, leaves breathing room around the edges for a circular crop."
Secondaire,constituant,,Ciment,secondaire_constituant_ciment.png,"Digital illustration icon of Ciment, centered on a plain light background, small children's card game style, semi-realistic and colorful, soft shading, clean bold outlines, simple and instantly recognizable silhouette even at small size, no text, no letters, no watermark, no signature, square format."
Secondaire,constituant,,Sable,secondaire_constituant_sable.png,"Digital illustration icon of Sable, centered on a plain light background, small children's card game style, semi-realistic and colorful, soft shading, clean bold outlines, simple and instantly recognizable silhouette even at small size, no text, no letters, no watermark, no signature, square format."
Secondaire,constituant,,Gravier,secondaire_constituant_gravier.png,"Digital illustration icon of Gravier, centered on a plain light background, small children's card game style, semi-realistic and colorful, soft shading, clean bold outlines, simple and instantly recognizable silhouette even at small size, no text, no letters, no watermark, no signature, square format."
Secondaire,constituant,,Eau,secondaire_constituant_eau.png,"Digital illustration icon of Eau, centered on a plain light background, small children's card game style, semi-realistic and colorful, soft shading, clean bold outlines, simple and instantly recognizable silhouette even at small size, no text, no letters, no watermark, no signature, square format."
Secondaire,produit,V,Route,secondaire_produit_route.png,"Digital illustration of Route, centered composition, small children's card game style, semi-realistic and colorful, warm inviting lighting, clean bold outlines, simple uncluttered background, vibrant but harmonious colors, no text, no letters, no watermark, no signature, square format, leaves breathing room around the edges for a circular crop."
Secondaire,constituant,,Bitume,secondaire_constituant_bitume.png,"Digital illustration icon of Bitume, centered on a plain light background, small children's card game style, semi-realistic and colorful, soft shading, clean bold outlines, simple and instantly recognizable silhouette even at small size, no text, no letters, no watermark, no signature, square format."
Secondaire,produit,W,Moteur thermique,secondaire_produit_moteur_thermique.png,"Digital illustration of Moteur thermique, centered composition, small children's card game style, semi-realistic and colorful, warm inviting lighting, clean bold outlines, simple uncluttered background, vibrant but harmonious colors, no text, no letters, no watermark, no signature, square format, leaves breathing room around the edges for a circular crop."
Secondaire,produit,X,Robot industriel,secondaire_produit_robot_industriel.png,"Digital illustration of Robot industriel, centered composition, small children's card game style, semi-realistic and colorful, warm inviting lighting, clean bold outlines, simple uncluttered background, vibrant but harmonious colors, no text, no letters, no watermark, no signature, square format, leaves breathing room around the edges for a circular crop."
Secondaire,constituant,,Moteur électrique,secondaire_constituant_moteur_electrique.png,"Digital illustration icon of Moteur électrique, centered on a plain light background, small children's card game style, semi-realistic and colorful, soft shading, clean bold outlines, simple and instantly recognizable silhouette even at small size, no text, no letters, no watermark, no signature, square format."
Secondaire,produit,Y,Imprimante 3D,secondaire_produit_imprimante_3d.png,"Digital illustration of Imprimante 3D, centered composition, small children's card game style, semi-realistic and colorful, warm inviting lighting, clean bold outlines, simple uncluttered background, vibrant but harmonious colors, no text, no letters, no watermark, no signature, square format, leaves breathing room around the edges for a circular crop."
Secondaire,produit,Z,Ascenseur,secondaire_produit_ascenseur.png,"Digital illustration of Ascenseur, centered composition, small children's card game style, semi-realistic and colorful, warm inviting lighting, clean bold outlines, simple uncluttered background, vibrant but harmonious colors, no text, no letters, no watermark, no signature, square format, leaves breathing room around the edges for a circular crop."
Électronique,produit,A,Radio,electronique_produit_radio.png,"Digital illustration of Radio, centered composition, small children's card game style, semi-realistic and colorful, warm inviting lighting, clean bold outlines, simple uncluttered background, vibrant but harmonious colors, no text, no letters, no watermark, no signature, square format, leaves breathing room around the edges for a circular crop."
Électronique,constituant,,Antenne,electronique_constituant_antenne.png,"Digital illustration icon of Antenne, centered on a plain light background, small children's card game style, semi-realistic and colorful, soft shading, clean bold outlines, simple and instantly recognizable silhouette even at small size, no text, no letters, no watermark, no signature, square format."
Électronique,constituant,,Transistor,electronique_constituant_transistor.png,"Digital illustration icon of Transistor, centered on a plain light background, small children's card game style, semi-realistic and colorful, soft shading, clean bold outlines, simple and instantly recognizable silhouette even at small size, no text, no letters, no watermark, no signature, square format."
Électronique,constituant,,Condensateur,electronique_constituant_condensateur.png,"Digital illustration icon of Condensateur, centered on a plain light background, small children's card game style, semi-realistic and colorful, soft shading, clean bold outlines, simple and instantly recognizable silhouette even at small size, no text, no letters, no watermark, no signature, square format."
Électronique,constituant,,Résistance,electronique_constituant_resistance.png,"Digital illustration icon of Résistance, centered on a plain light background, small children's card game style, semi-realistic and colorful, soft shading, clean bold outlines, simple and instantly recognizable silhouette even at small size, no text, no letters, no watermark, no signature, square format."
Électronique,constituant,,Haut-parleur,electronique_constituant_haut_parleur.png,"Digital illustration icon of Haut-parleur, centered on a plain light background, small children's card game style, semi-realistic and colorful, soft shading, clean bold outlines, simple and instantly recognizable silhouette even at small size, no text, no letters, no watermark, no signature, square format."
Électronique,produit,B,Télévision,electronique_produit_television.png,"Digital illustration of Télévision, centered composition, small children's card game style, semi-realistic and colorful, warm inviting lighting, clean bold outlines, simple uncluttered background, vibrant but harmonious colors, no text, no letters, no watermark, no signature, square format, leaves breathing room around the edges for a circular crop."
Électronique,constituant,,Écran,electronique_constituant_ecran.png,"Digital illustration icon of Écran, centered on a plain light background, small children's card game style, semi-realistic and colorful, soft shading, clean bold outlines, simple and instantly recognizable silhouette even at small size, no text, no letters, no watermark, no signature, square format."
Électronique,constituant,,Processeur,electronique_constituant_processeur.png,"Digital illustration icon of Processeur, centered on a plain light background, small children's card game style, semi-realistic and colorful, soft shading, clean bold outlines, simple and instantly recognizable silhouette even at small size, no text, no letters, no watermark, no signature, square format."
Électronique,constituant,,Alimentation,electronique_constituant_alimentation.png,"Digital illustration icon of Alimentation, centered on a plain light background, small children's card game style, semi-realistic and colorful, soft shading, clean bold outlines, simple and instantly recognizable silhouette even at small size, no text, no letters, no watermark, no signature, square format."
Électronique,constituant,,Haut-parleurs,electronique_constituant_haut_parleurs.png,"Digital illustration icon of Haut-parleurs, centered on a plain light background, small children's card game style, semi-realistic and colorful, soft shading, clean bold outlines, simple and instantly recognizable silhouette even at small size, no text, no letters, no watermark, no signature, square format."
Électronique,produit,C,Téléphone mobile,electronique_produit_telephone_mobile.png,"Digital illustration of Téléphone mobile, centered composition, small children's card game style, semi-realistic and colorful, warm inviting lighting, clean bold outlines, simple uncluttered background, vibrant but harmonious colors, no text, no letters, no watermark, no signature, square format, leaves breathing room around the edges for a circular crop."
Électronique,constituant,,Écran tactile,electronique_constituant_ecran_tactile.png,"Digital illustration icon of Écran tactile, centered on a plain light background, small children's card game style, semi-realistic and colorful, soft shading, clean bold outlines, simple and instantly recognizable silhouette even at small size, no text, no letters, no watermark, no signature, square format."
Électronique,constituant,,Batterie,electronique_constituant_batterie.png,"Digital illustration icon of Batterie, centered on a plain light background, small children's card game style, semi-realistic and colorful, soft shading, clean bold outlines, simple and instantly recognizable silhouette even at small size, no text, no letters, no watermark, no signature, square format."
Électronique,constituant,,Mémoire,electronique_constituant_memoire.png,"Digital illustration icon of Mémoire, centered on a plain light background, small children's card game style, semi-realistic and colorful, soft shading, clean bold outlines, simple and instantly recognizable silhouette even at small size, no text, no letters, no watermark, no signature, square format."
Électronique,produit,D,Montre connectée,electronique_produit_montre_connectee.png,"Digital illustration of Montre connectée, centered composition, small children's card game style, semi-realistic and colorful, warm inviting lighting, clean bold outlines, simple uncluttered background, vibrant but harmonious colors, no text, no letters, no watermark, no signature, square format, leaves breathing room around the edges for a circular crop."
Électronique,constituant,,Capteur,electronique_constituant_capteur.png,"Digital illustration icon of Capteur, centered on a plain light background, small children's card game style, semi-realistic and colorful, soft shading, clean bold outlines, simple and instantly recognizable silhouette even at small size, no text, no letters, no watermark, no signature, square format."
Électronique,constituant,,Bluetooth,electronique_constituant_bluetooth.png,"Digital illustration icon of Bluetooth, centered on a plain light background, small children's card game style, semi-realistic and colorful, soft shading, clean bold outlines, simple and instantly recognizable silhouette even at small size, no text, no letters, no watermark, no signature, square format."
Électronique,produit,E,Appareil photo numérique,electronique_produit_appareil_photo_numerique.png,"Digital illustration of Appareil photo numérique, centered composition, small children's card game style, semi-realistic and colorful, warm inviting lighting, clean bold outlines, simple uncluttered background, vibrant but harmonious colors, no text, no letters, no watermark, no signature, square format, leaves breathing room around the edges for a circular crop."
Électronique,constituant,,Capteur CMOS,electronique_constituant_capteur_cmos.png,"Digital illustration icon of Capteur CMOS, centered on a plain light background, small children's card game style, semi-realistic and colorful, soft shading, clean bold outlines, simple and instantly recognizable silhouette even at small size, no text, no letters, no watermark, no signature, square format."
Électronique,constituant,,Objectif,electronique_constituant_objectif.png,"Digital illustration icon of Objectif, centered on a plain light background, small children's card game style, semi-realistic and colorful, soft shading, clean bold outlines, simple and instantly recognizable silhouette even at small size, no text, no letters, no watermark, no signature, square format."
Électronique,produit,F,Casque audio,electronique_produit_casque_audio.png,"Digital illustration of Casque audio, centered composition, small children's card game style, semi-realistic and colorful, warm inviting lighting, clean bold outlines, simple uncluttered background, vibrant but harmonious colors, no text, no letters, no watermark, no signature, square format, leaves breathing room around the edges for a circular crop."
Électronique,constituant,,Amplificateur,electronique_constituant_amplificateur.png,"Digital illustration icon of Amplificateur, centered on a plain light background, small children's card game style, semi-realistic and colorful, soft shading, clean bold outlines, simple and instantly recognizable silhouette even at small size, no text, no letters, no watermark, no signature, square format."
Électronique,constituant,,Microphone,electronique_constituant_microphone.png,"Digital illustration icon of Microphone, centered on a plain light background, small children's card game style, semi-realistic and colorful, soft shading, clean bold outlines, simple and instantly recognizable silhouette even at small size, no text, no letters, no watermark, no signature, square format."
Électronique,produit,G,Enceinte connectée,electronique_produit_enceinte_connectee.png,"Digital illustration of Enceinte connectée, centered composition, small children's card game style, semi-realistic and colorful, warm inviting lighting, clean bold outlines, simple uncluttered background, vibrant but harmonious colors, no text, no letters, no watermark, no signature, square format, leaves breathing room around the edges for a circular crop."
Électronique,constituant,,Wi-Fi,electronique_constituant_wi_fi.png,"Digital illustration icon of Wi-Fi, centered on a plain light background, small children's card game style, semi-realistic and colorful, soft shading, clean bold outlines, simple and instantly recognizable silhouette even at small size, no text, no letters, no watermark, no signature, square format."
Électronique,produit,H,Console de jeu,electronique_produit_console_de_jeu.png,"Digital illustration of Console de jeu, centered composition, small children's card game style, semi-realistic and colorful, warm inviting lighting, clean bold outlines, simple uncluttered background, vibrant but harmonious colors, no text, no letters, no watermark, no signature, square format, leaves breathing room around the edges for a circular crop."
Électronique,constituant,,GPU,electronique_constituant_gpu.png,"Digital illustration icon of GPU, centered on a plain light background, small children's card game style, semi-realistic and colorful, soft shading, clean bold outlines, simple and instantly recognizable silhouette even at small size, no text, no letters, no watermark, no signature, square format."
Électronique,constituant,,Stockage,electronique_constituant_stockage.png,"Digital illustration icon of Stockage, centered on a plain light background, small children's card game style, semi-realistic and colorful, soft shading, clean bold outlines, simple and instantly recognizable silhouette even at small size, no text, no letters, no watermark, no signature, square format."
Électronique,constituant,,Manette,electronique_constituant_manette.png,"Digital illustration icon of Manette, centered on a plain light background, small children's card game style, semi-realistic and colorful, soft shading, clean bold outlines, simple and instantly recognizable silhouette even at small size, no text, no letters, no watermark, no signature, square format."
Électronique,produit,I,Ordinateur portable,electronique_produit_ordinateur_portable.png,"Digital illustration of Ordinateur portable, centered composition, small children's card game style, semi-realistic and colorful, warm inviting lighting, clean bold outlines, simple uncluttered background, vibrant but harmonious colors, no text, no letters, no watermark, no signature, square format, leaves breathing room around the edges for a circular crop."
Électronique,constituant,,Carte mère,electronique_constituant_carte_mere.png,"Digital illustration icon of Carte mère, centered on a plain light background, small children's card game style, semi-realistic and colorful, soft shading, clean bold outlines, simple and instantly recognizable silhouette even at small size, no text, no letters, no watermark, no signature, square format."
Électronique,produit,J,Routeur Wi-Fi,electronique_produit_routeur_wi_fi.png,"Digital illustration of Routeur Wi-Fi, centered composition, small children's card game style, semi-realistic and colorful, warm inviting lighting, clean bold outlines, simple uncluttered background, vibrant but harmonious colors, no text, no letters, no watermark, no signature, square format, leaves breathing room around the edges for a circular crop."
Électronique,constituant,,Ethernet,electronique_constituant_ethernet.png,"Digital illustration icon of Ethernet, centered on a plain light background, small children's card game style, semi-realistic and colorful, soft shading, clean bold outlines, simple and instantly recognizable silhouette even at small size, no text, no letters, no watermark, no signature, square format."
Électronique,produit,K,Clé USB,electronique_produit_cle_usb.png,"Digital illustration of Clé USB, centered composition, small children's card game style, semi-realistic and colorful, warm inviting lighting, clean bold outlines, simple uncluttered background, vibrant but harmonious colors, no text, no letters, no watermark, no signature, square format, leaves breathing room around the edges for a circular crop."
Électronique,constituant,,Mémoire flash,electronique_constituant_memoire_flash.png,"Digital illustration icon of Mémoire flash, centered on a plain light background, small children's card game style, semi-realistic and colorful, soft shading, clean bold outlines, simple and instantly recognizable silhouette even at small size, no text, no letters, no watermark, no signature, square format."
Électronique,constituant,,Contrôleur,electronique_constituant_controleur.png,"Digital illustration icon of Contrôleur, centered on a plain light background, small children's card game style, semi-realistic and colorful, soft shading, clean bold outlines, simple and instantly recognizable silhouette even at small size, no text, no letters, no watermark, no signature, square format."
Électronique,constituant,,USB,electronique_constituant_usb.png,"Digital illustration icon of USB, centered on a plain light background, small children's card game style, semi-realistic and colorful, soft shading, clean bold outlines, simple and instantly recognizable silhouette even at small size, no text, no letters, no watermark, no signature, square format."
Électronique,constituant,,Quartz,electronique_constituant_quartz.png,"Digital illustration icon of Quartz, centered on a plain light background, small children's card game style, semi-realistic and colorful, soft shading, clean bold outlines, simple and instantly recognizable silhouette even at small size, no text, no letters, no watermark, no signature, square format."
Électronique,constituant,,Boîtier,electronique_constituant_boitier.png,"Digital illustration icon of Boîtier, centered on a plain light background, small children's card game style, semi-realistic and colorful, soft shading, clean bold outlines, simple and instantly recognizable silhouette even at small size, no text, no letters, no watermark, no signature, square format."
Électronique,produit,L,Disque SSD,electronique_produit_disque_ssd.png,"Digital illustration of Disque SSD, centered composition, small children's card game style, semi-realistic and colorful, warm inviting lighting, clean bold outlines, simple uncluttered background, vibrant but harmonious colors, no text, no letters, no watermark, no signature, square format, leaves breathing room around the edges for a circular crop."
Électronique,constituant,,DRAM,electronique_constituant_dram.png,"Digital illustration icon of DRAM, centered on a plain light background, small children's card game style, semi-realistic and colorful, soft shading, clean bold outlines, simple and instantly recognizable silhouette even at small size, no text, no letters, no watermark, no signature, square format."
Électronique,constituant,,SATA,electronique_constituant_sata.png,"Digital illustration icon of SATA, centered on a plain light background, small children's card game style, semi-realistic and colorful, soft shading, clean bold outlines, simple and instantly recognizable silhouette even at small size, no text, no letters, no watermark, no signature, square format."
Électronique,produit,M,Capteur météo,electronique_produit_capteur_meteo.png,"Digital illustration of Capteur météo, centered composition, small children's card game style, semi-realistic and colorful, warm inviting lighting, clean bold outlines, simple uncluttered background, vibrant but harmonious colors, no text, no letters, no watermark, no signature, square format, leaves breathing room around the edges for a circular crop."
Électronique,constituant,,Thermomètre,electronique_constituant_thermometre.png,"Digital illustration icon of Thermomètre, centered on a plain light background, small children's card game style, semi-realistic and colorful, soft shading, clean bold outlines, simple and instantly recognizable silhouette even at small size, no text, no letters, no watermark, no signature, square format."
Électronique,constituant,,Hygromètre,electronique_constituant_hygrometre.png,"Digital illustration icon of Hygromètre, centered on a plain light background, small children's card game style, semi-realistic and colorful, soft shading, clean bold outlines, simple and instantly recognizable silhouette even at small size, no text, no letters, no watermark, no signature, square format."
Électronique,constituant,,Baromètre,electronique_constituant_barometre.png,"Digital illustration icon of Baromètre, centered on a plain light background, small children's card game style, semi-realistic and colorful, soft shading, clean bold outlines, simple and instantly recognizable silhouette even at small size, no text, no letters, no watermark, no signature, square format."
Électronique,constituant,,Émetteur radio,electronique_constituant_emetteur_radio.png,"Digital illustration icon of Émetteur radio, centered on a plain light background, small children's card game style, semi-realistic and colorful, soft shading, clean bold outlines, simple and instantly recognizable silhouette even at small size, no text, no letters, no watermark, no signature, square format."
Électronique,produit,N,Station domotique,electronique_produit_station_domotique.png,"Digital illustration of Station domotique, centered composition, small children's card game style, semi-realistic and colorful, warm inviting lighting, clean bold outlines, simple uncluttered background, vibrant but harmonious colors, no text, no letters, no watermark, no signature, square format, leaves breathing room around the edges for a circular crop."
Électronique,constituant,,Capteurs,electronique_constituant_capteurs.png,"Digital illustration icon of Capteurs, centered on a plain light background, small children's card game style, semi-realistic and colorful, soft shading, clean bold outlines, simple and instantly recognizable silhouette even at small size, no text, no letters, no watermark, no signature, square format."
Électronique,constituant,,Microcontrôleur,electronique_constituant_microcontroleur.png,"Digital illustration icon of Microcontrôleur, centered on a plain light background, small children's card game style, semi-realistic and colorful, soft shading, clean bold outlines, simple and instantly recognizable silhouette even at small size, no text, no letters, no watermark, no signature, square format."
Électronique,constituant,,Relais,electronique_constituant_relais.png,"Digital illustration icon of Relais, centered on a plain light background, small children's card game style, semi-realistic and colorful, soft shading, clean bold outlines, simple and instantly recognizable silhouette even at small size, no text, no letters, no watermark, no signature, square format."
Électronique,produit,O,Drone,electronique_produit_drone.png,"Digital illustration of Drone, centered composition, small children's card game style, semi-realistic and colorful, warm inviting lighting, clean bold outlines, simple uncluttered background, vibrant but harmonious colors, no text, no letters, no watermark, no signature, square format, leaves breathing room around the edges for a circular crop."
Électronique,constituant,,Moteurs,electronique_constituant_moteurs.png,"Digital illustration icon of Moteurs, centered on a plain light background, small children's card game style, semi-realistic and colorful, soft shading, clean bold outlines, simple and instantly recognizable silhouette even at small size, no text, no letters, no watermark, no signature, square format."
Électronique,constituant,,Caméra,electronique_constituant_camera.png,"Digital illustration icon of Caméra, centered on a plain light background, small children's card game style, semi-realistic and colorful, soft shading, clean bold outlines, simple and instantly recognizable silhouette even at small size, no text, no letters, no watermark, no signature, square format."
Électronique,constituant,,Radio,electronique_constituant_radio.png,"Digital illustration icon of Radio, centered on a plain light background, small children's card game style, semi-realistic and colorful, soft shading, clean bold outlines, simple and instantly recognizable silhouette even at small size, no text, no letters, no watermark, no signature, square format."
Électronique,produit,P,GPS portable,electronique_produit_gps_portable.png,"Digital illustration of GPS portable, centered composition, small children's card game style, semi-realistic and colorful, warm inviting lighting, clean bold outlines, simple uncluttered background, vibrant but harmonious colors, no text, no letters, no watermark, no signature, square format, leaves breathing room around the edges for a circular crop."
Électronique,constituant,,Récepteur GPS,electronique_constituant_recepteur_gps.png,"Digital illustration icon of Récepteur GPS, centered on a plain light background, small children's card game style, semi-realistic and colorful, soft shading, clean bold outlines, simple and instantly recognizable silhouette even at small size, no text, no letters, no watermark, no signature, square format."
Électronique,produit,Q,Lecteur de code-barres,electronique_produit_lecteur_de_code_barres.png,"Digital illustration of Lecteur de code-barres, centered composition, small children's card game style, semi-realistic and colorful, warm inviting lighting, clean bold outlines, simple uncluttered background, vibrant but harmonious colors, no text, no letters, no watermark, no signature, square format, leaves breathing room around the edges for a circular crop."
Électronique,constituant,,LED,electronique_constituant_led.png,"Digital illustration icon of LED, centered on a plain light background, small children's card game style, semi-realistic and colorful, soft shading, clean bold outlines, simple and instantly recognizable silhouette even at small size, no text, no letters, no watermark, no signature, square format."
Électronique,constituant,,Capteur optique,electronique_constituant_capteur_optique.png,"Digital illustration icon of Capteur optique, centered on a plain light background, small children's card game style, semi-realistic and colorful, soft shading, clean bold outlines, simple and instantly recognizable silhouette even at small size, no text, no letters, no watermark, no signature, square format."
Électronique,produit,R,Terminal de paiement,electronique_produit_terminal_de_paiement.png,"Digital illustration of Terminal de paiement, centered composition, small children's card game style, semi-realistic and colorful, warm inviting lighting, clean bold outlines, simple uncluttered background, vibrant but harmonious colors, no text, no letters, no watermark, no signature, square format, leaves breathing room around the edges for a circular crop."
Électronique,constituant,,Lecteur NFC,electronique_constituant_lecteur_nfc.png,"Digital illustration icon of Lecteur NFC, centered on a plain light background, small children's card game style, semi-realistic and colorful, soft shading, clean bold outlines, simple and instantly recognizable silhouette even at small size, no text, no letters, no watermark, no signature, square format."
Électronique,constituant,,Clavier,electronique_constituant_clavier.png,"Digital illustration icon of Clavier, centered on a plain light background, small children's card game style, semi-realistic and colorful, soft shading, clean bold outlines, simple and instantly recognizable silhouette even at small size, no text, no letters, no watermark, no signature, square format."
Électronique,constituant,,Connexion réseau,electronique_constituant_connexion_reseau.png,"Digital illustration icon of Connexion réseau, centered on a plain light background, small children's card game style, semi-realistic and colorful, soft shading, clean bold outlines, simple and instantly recognizable silhouette even at small size, no text, no letters, no watermark, no signature, square format."
Électronique,produit,S,Feu de circulation intelligent,electronique_produit_feu_de_circulation_intelligent.png,"Digital illustration of Feu de circulation intelligent, centered composition, small children's card game style, semi-realistic and colorful, warm inviting lighting, clean bold outlines, simple uncluttered background, vibrant but harmonious colors, no text, no letters, no watermark, no signature, square format, leaves breathing room around the edges for a circular crop."
Électronique,produit,T,Thermostat connecté,electronique_produit_thermostat_connecte.png,"Digital illustration of Thermostat connecté, centered composition, small children's card game style, semi-realistic and colorful, warm inviting lighting, clean bold outlines, simple uncluttered background, vibrant but harmonious colors, no text, no letters, no watermark, no signature, square format, leaves breathing room around the edges for a circular crop."
Électronique,constituant,,Capteur thermique,electronique_constituant_capteur_thermique.png,"Digital illustration icon of Capteur thermique, centered on a plain light background, small children's card game style, semi-realistic and colorful, soft shading, clean bold outlines, simple and instantly recognizable silhouette even at small size, no text, no letters, no watermark, no signature, square format."
Électronique,produit,U,Système d'alarme,electronique_produit_systeme_d_alarme.png,"Digital illustration of Système d'alarme, centered composition, small children's card game style, semi-realistic and colorful, warm inviting lighting, clean bold outlines, simple uncluttered background, vibrant but harmonious colors, no text, no letters, no watermark, no signature, square format, leaves breathing room around the edges for a circular crop."
Électronique,constituant,,Sirène,electronique_constituant_sirene.png,"Digital illustration icon of Sirène, centered on a plain light background, small children's card game style, semi-realistic and colorful, soft shading, clean bold outlines, simple and instantly recognizable silhouette even at small size, no text, no letters, no watermark, no signature, square format."
Électronique,produit,V,Éclairage intelligent,electronique_produit_eclairage_intelligent.png,"Digital illustration of Éclairage intelligent, centered composition, small children's card game style, semi-realistic and colorful, warm inviting lighting, clean bold outlines, simple uncluttered background, vibrant but harmonious colors, no text, no letters, no watermark, no signature, square format, leaves breathing room around the edges for a circular crop."
Électronique,produit,W,Robot aspirateur,electronique_produit_robot_aspirateur.png,"Digital illustration of Robot aspirateur, centered composition, small children's card game style, semi-realistic and colorful, warm inviting lighting, clean bold outlines, simple uncluttered background, vibrant but harmonious colors, no text, no letters, no watermark, no signature, square format, leaves breathing room around the edges for a circular crop."
Électronique,produit,X,Imprimante,electronique_produit_imprimante.png,"Digital illustration of Imprimante, centered composition, small children's card game style, semi-realistic and colorful, warm inviting lighting, clean bold outlines, simple uncluttered background, vibrant but harmonious colors, no text, no letters, no watermark, no signature, square format, leaves breathing room around the edges for a circular crop."
Électronique,constituant,,Moteur,electronique_constituant_moteur.png,"Digital illustration icon of Moteur, centered on a plain light background, small children's card game style, semi-realistic and colorful, soft shading, clean bold outlines, simple and instantly recognizable silhouette even at small size, no text, no letters, no watermark, no signature, square format."
Électronique,constituant,,Tête d'impression,electronique_constituant_tete_d_impression.png,"Digital illustration icon of Tête d'impression, centered on a plain light background, small children's card game style, semi-realistic and colorful, soft shading, clean bold outlines, simple and instantly recognizable silhouette even at small size, no text, no letters, no watermark, no signature, square format."
Électronique,produit,Y,Microphone numérique,electronique_produit_microphone_numerique.png,"Digital illustration of Microphone numérique, centered composition, small children's card game style, semi-realistic and colorful, warm inviting lighting, clean bold outlines, simple uncluttered background, vibrant but harmonious colors, no text, no letters, no watermark, no signature, square format, leaves breathing room around the edges for a circular crop."
Électronique,constituant,,Capsule micro,electronique_constituant_capsule_micro.png,"Digital illustration icon of Capsule micro, centered on a plain light background, small children's card game style, semi-realistic and colorful, soft shading, clean bold outlines, simple and instantly recognizable silhouette even at small size, no text, no letters, no watermark, no signature, square format."
Électronique,constituant,,Convertisseur A/N,electronique_constituant_convertisseur_a_n.png,"Digital illustration icon of Convertisseur A/N, centered on a plain light background, small children's card game style, semi-realistic and colorful, soft shading, clean bold outlines, simple and instantly recognizable silhouette even at small size, no text, no letters, no watermark, no signature, square format."
Électronique,produit,Z,Casque de réalité virtuelle,electronique_produit_casque_de_realite_virtuelle.png,"Digital illustration of Casque de réalité virtuelle, centered composition, small children's card game style, semi-realistic and colorful, warm inviting lighting, clean bold outlines, simple uncluttered background, vibrant but harmonious colors, no text, no letters, no watermark, no signature, square format, leaves breathing room around the edges for a circular crop."
Électronique,constituant,,Écrans,electronique_constituant_ecrans.png,"Digital illustration icon of Écrans, centered on a plain light background, small children's card game style, semi-realistic and colorful, soft shading, clean bold outlines, simple and instantly recognizable silhouette even at small size, no text, no letters, no watermark, no signature, square format."
Électronique,constituant,,Capteurs de mouvement,electronique_constituant_capteurs_de_mouvement.png,"Digital illustration icon of Capteurs de mouvement, centered on a plain light background, small children's card game style, semi-realistic and colorful, soft shading, clean bold outlines, simple and instantly recognizable silhouette even at small size, no text, no letters, no watermark, no signature, square format."
Électronique,constituant,,Lentilles,electronique_constituant_lentilles.png,"Digital illustration icon of Lentilles, centered on a plain light background, small children's card game style, semi-realistic and colorful, soft shading, clean bold outlines, simple and instantly recognizable silhouette even at small size, no text, no letters, no watermark, no signature, square format."
Informatique,produit,A,Site web,informatique_produit_site_web.png,"Digital illustration of Site web, centered composition, small children's card game style, semi-realistic and colorful, warm inviting lighting, clean bold outlines, simple uncluttered background, vibrant but harmonious colors, no text, no letters, no watermark, no signature, square format, leaves breathing room around the edges for a circular crop."
Informatique,constituant,,Nom de domaine,informatique_constituant_nom_de_domaine.png,"Digital illustration icon of Nom de domaine, centered on a plain light background, small children's card game style, semi-realistic and colorful, soft shading, clean bold outlines, simple and instantly recognizable silhouette even at small size, no text, no letters, no watermark, no signature, square format."
Informatique,constituant,,Serveur,informatique_constituant_serveur.png,"Digital illustration icon of Serveur, centered on a plain light background, small children's card game style, semi-realistic and colorful, soft shading, clean bold outlines, simple and instantly recognizable silhouette even at small size, no text, no letters, no watermark, no signature, square format."
Informatique,constituant,,Base de données,informatique_constituant_base_de_donnees.png,"Digital illustration icon of Base de données, centered on a plain light background, small children's card game style, semi-realistic and colorful, soft shading, clean bold outlines, simple and instantly recognizable silhouette even at small size, no text, no letters, no watermark, no signature, square format."
Informatique,constituant,,Code,informatique_constituant_code.png,"Digital illustration icon of Code, centered on a plain light background, small children's card game style, semi-realistic and colorful, soft shading, clean bold outlines, simple and instantly recognizable silhouette even at small size, no text, no letters, no watermark, no signature, square format."
Informatique,constituant,,Interface,informatique_constituant_interface.png,"Digital illustration icon of Interface, centered on a plain light background, small children's card game style, semi-realistic and colorful, soft shading, clean bold outlines, simple and instantly recognizable silhouette even at small size, no text, no letters, no watermark, no signature, square format."
Informatique,produit,B,Application mobile,informatique_produit_application_mobile.png,"Digital illustration of Application mobile, centered composition, small children's card game style, semi-realistic and colorful, warm inviting lighting, clean bold outlines, simple uncluttered background, vibrant but harmonious colors, no text, no letters, no watermark, no signature, square format, leaves breathing room around the edges for a circular crop."
Informatique,constituant,,API,informatique_constituant_api.png,"Digital illustration icon of API, centered on a plain light background, small children's card game style, semi-realistic and colorful, soft shading, clean bold outlines, simple and instantly recognizable silhouette even at small size, no text, no letters, no watermark, no signature, square format."
Informatique,constituant,,Authentification,informatique_constituant_authentification.png,"Digital illustration icon of Authentification, centered on a plain light background, small children's card game style, semi-realistic and colorful, soft shading, clean bold outlines, simple and instantly recognizable silhouette even at small size, no text, no letters, no watermark, no signature, square format."
Informatique,produit,C,Jeu vidéo,informatique_produit_jeu_video.png,"Digital illustration of Jeu vidéo, centered composition, small children's card game style, semi-realistic and colorful, warm inviting lighting, clean bold outlines, simple uncluttered background, vibrant but harmonious colors, no text, no letters, no watermark, no signature, square format, leaves breathing room around the edges for a circular crop."
Informatique,constituant,,Moteur de jeu,informatique_constituant_moteur_de_jeu.png,"Digital illustration icon of Moteur de jeu, centered on a plain light background, small children's card game style, semi-realistic and colorful, soft shading, clean bold outlines, simple and instantly recognizable silhouette even at small size, no text, no letters, no watermark, no signature, square format."
Informatique,constituant,,Graphismes,informatique_constituant_graphismes.png,"Digital illustration icon of Graphismes, centered on a plain light background, small children's card game style, semi-realistic and colorful, soft shading, clean bold outlines, simple and instantly recognizable silhouette even at small size, no text, no letters, no watermark, no signature, square format."
Informatique,constituant,,Audio,informatique_constituant_audio.png,"Digital illustration icon of Audio, centered on a plain light background, small children's card game style, semi-realistic and colorful, soft shading, clean bold outlines, simple and instantly recognizable silhouette even at small size, no text, no letters, no watermark, no signature, square format."
Informatique,constituant,,Scénario,informatique_constituant_scenario.png,"Digital illustration icon of Scénario, centered on a plain light background, small children's card game style, semi-realistic and colorful, soft shading, clean bold outlines, simple and instantly recognizable silhouette even at small size, no text, no letters, no watermark, no signature, square format."
Informatique,produit,D,Boutique en ligne,informatique_produit_boutique_en_ligne.png,"Digital illustration of Boutique en ligne, centered composition, small children's card game style, semi-realistic and colorful, warm inviting lighting, clean bold outlines, simple uncluttered background, vibrant but harmonious colors, no text, no letters, no watermark, no signature, square format, leaves breathing room around the edges for a circular crop."
Informatique,constituant,,Catalogue,informatique_constituant_catalogue.png,"Digital illustration icon of Catalogue, centered on a plain light background, small children's card game style, semi-realistic and colorful, soft shading, clean bold outlines, simple and instantly recognizable silhouette even at small size, no text, no letters, no watermark, no signature, square format."
Informatique,constituant,,Paiement,informatique_constituant_paiement.png,"Digital illustration icon of Paiement, centered on a plain light background, small children's card game style, semi-realistic and colorful, soft shading, clean bold outlines, simple and instantly recognizable silhouette even at small size, no text, no letters, no watermark, no signature, square format."
Informatique,produit,E,Réseau social,informatique_produit_reseau_social.png,"Digital illustration of Réseau social, centered composition, small children's card game style, semi-realistic and colorful, warm inviting lighting, clean bold outlines, simple uncluttered background, vibrant but harmonious colors, no text, no letters, no watermark, no signature, square format, leaves breathing room around the edges for a circular crop."
Informatique,constituant,,Profils,informatique_constituant_profils.png,"Digital illustration icon of Profils, centered on a plain light background, small children's card game style, semi-realistic and colorful, soft shading, clean bold outlines, simple and instantly recognizable silhouette even at small size, no text, no letters, no watermark, no signature, square format."
Informatique,constituant,,Messagerie,informatique_constituant_messagerie.png,"Digital illustration icon of Messagerie, centered on a plain light background, small children's card game style, semi-realistic and colorful, soft shading, clean bold outlines, simple and instantly recognizable silhouette even at small size, no text, no letters, no watermark, no signature, square format."
Informatique,constituant,,Fil d'actualité,informatique_constituant_fil_d_actualite.png,"Digital illustration icon of Fil d'actualité, centered on a plain light background, small children's card game style, semi-realistic and colorful, soft shading, clean bold outlines, simple and instantly recognizable silhouette even at small size, no text, no letters, no watermark, no signature, square format."
Informatique,constituant,,Modération,informatique_constituant_moderation.png,"Digital illustration icon of Modération, centered on a plain light background, small children's card game style, semi-realistic and colorful, soft shading, clean bold outlines, simple and instantly recognizable silhouette even at small size, no text, no letters, no watermark, no signature, square format."
Informatique,produit,F,Messagerie instantanée,informatique_produit_messagerie_instantanee.png,"Digital illustration of Messagerie instantanée, centered composition, small children's card game style, semi-realistic and colorful, warm inviting lighting, clean bold outlines, simple uncluttered background, vibrant but harmonious colors, no text, no letters, no watermark, no signature, square format, leaves breathing room around the edges for a circular crop."
Informatique,constituant,,Comptes,informatique_constituant_comptes.png,"Digital illustration icon of Comptes, centered on a plain light background, small children's card game style, semi-realistic and colorful, soft shading, clean bold outlines, simple and instantly recognizable silhouette even at small size, no text, no letters, no watermark, no signature, square format."
Informatique,constituant,,Chiffrement,informatique_constituant_chiffrement.png,"Digital illustration icon of Chiffrement, centered on a plain light background, small children's card game style, semi-realistic and colorful, soft shading, clean bold outlines, simple and instantly recognizable silhouette even at small size, no text, no letters, no watermark, no signature, square format."
Informatique,constituant,,Notifications,informatique_constituant_notifications.png,"Digital illustration icon of Notifications, centered on a plain light background, small children's card game style, semi-realistic and colorful, soft shading, clean bold outlines, simple and instantly recognizable silhouette even at small size, no text, no letters, no watermark, no signature, square format."
Informatique,produit,G,Logiciel de comptabilité,informatique_produit_logiciel_de_comptabilite.png,"Digital illustration of Logiciel de comptabilité, centered composition, small children's card game style, semi-realistic and colorful, warm inviting lighting, clean bold outlines, simple uncluttered background, vibrant but harmonious colors, no text, no letters, no watermark, no signature, square format, leaves breathing room around the edges for a circular crop."
Informatique,constituant,,Calculs,informatique_constituant_calculs.png,"Digital illustration icon of Calculs, centered on a plain light background, small children's card game style, semi-realistic and colorful, soft shading, clean bold outlines, simple and instantly recognizable silhouette even at small size, no text, no letters, no watermark, no signature, square format."
Informatique,constituant,,Rapports,informatique_constituant_rapports.png,"Digital illustration icon of Rapports, centered on a plain light background, small children's card game style, semi-realistic and colorful, soft shading, clean bold outlines, simple and instantly recognizable silhouette even at small size, no text, no letters, no watermark, no signature, square format."
Informatique,produit,H,Tableur,informatique_produit_tableur.png,"Digital illustration of Tableur, centered composition, small children's card game style, semi-realistic and colorful, warm inviting lighting, clean bold outlines, simple uncluttered background, vibrant but harmonious colors, no text, no letters, no watermark, no signature, square format, leaves breathing room around the edges for a circular crop."
Informatique,constituant,,Cellules,informatique_constituant_cellules.png,"Digital illustration icon of Cellules, centered on a plain light background, small children's card game style, semi-realistic and colorful, soft shading, clean bold outlines, simple and instantly recognizable silhouette even at small size, no text, no letters, no watermark, no signature, square format."
Informatique,constituant,,Formules,informatique_constituant_formules.png,"Digital illustration icon of Formules, centered on a plain light background, small children's card game style, semi-realistic and colorful, soft shading, clean bold outlines, simple and instantly recognizable silhouette even at small size, no text, no letters, no watermark, no signature, square format."
Informatique,constituant,,Graphiques,informatique_constituant_graphiques.png,"Digital illustration icon of Graphiques, centered on a plain light background, small children's card game style, semi-realistic and colorful, soft shading, clean bold outlines, simple and instantly recognizable silhouette even at small size, no text, no letters, no watermark, no signature, square format."
Informatique,constituant,,Import-export,informatique_constituant_import_export.png,"Digital illustration icon of Import-export, centered on a plain light background, small children's card game style, semi-realistic and colorful, soft shading, clean bold outlines, simple and instantly recognizable silhouette even at small size, no text, no letters, no watermark, no signature, square format."
Informatique,produit,I,Traitement de texte,informatique_produit_traitement_de_texte.png,"Digital illustration of Traitement de texte, centered composition, small children's card game style, semi-realistic and colorful, warm inviting lighting, clean bold outlines, simple uncluttered background, vibrant but harmonious colors, no text, no letters, no watermark, no signature, square format, leaves breathing room around the edges for a circular crop."
Informatique,constituant,,Éditeur,informatique_constituant_editeur.png,"Digital illustration icon of Éditeur, centered on a plain light background, small children's card game style, semi-realistic and colorful, soft shading, clean bold outlines, simple and instantly recognizable silhouette even at small size, no text, no letters, no watermark, no signature, square format."
Informatique,constituant,,Mise en page,informatique_constituant_mise_en_page.png,"Digital illustration icon of Mise en page, centered on a plain light background, small children's card game style, semi-realistic and colorful, soft shading, clean bold outlines, simple and instantly recognizable silhouette even at small size, no text, no letters, no watermark, no signature, square format."
Informatique,constituant,,Polices,informatique_constituant_polices.png,"Digital illustration icon of Polices, centered on a plain light background, small children's card game style, semi-realistic and colorful, soft shading, clean bold outlines, simple and instantly recognizable silhouette even at small size, no text, no letters, no watermark, no signature, square format."
Informatique,constituant,,Fichiers,informatique_constituant_fichiers.png,"Digital illustration icon of Fichiers, centered on a plain light background, small children's card game style, semi-realistic and colorful, soft shading, clean bold outlines, simple and instantly recognizable silhouette even at small size, no text, no letters, no watermark, no signature, square format."
Informatique,constituant,,Correcteur,informatique_constituant_correcteur.png,"Digital illustration icon of Correcteur, centered on a plain light background, small children's card game style, semi-realistic and colorful, soft shading, clean bold outlines, simple and instantly recognizable silhouette even at small size, no text, no letters, no watermark, no signature, square format."
Informatique,produit,J,Système de paiement numérique,informatique_produit_systeme_de_paiement_numerique.png,"Digital illustration of Système de paiement numérique, centered composition, small children's card game style, semi-realistic and colorful, warm inviting lighting, clean bold outlines, simple uncluttered background, vibrant but harmonious colors, no text, no letters, no watermark, no signature, square format, leaves breathing room around the edges for a circular crop."
Informatique,constituant,,Portefeuille,informatique_constituant_portefeuille.png,"Digital illustration icon of Portefeuille, centered on a plain light background, small children's card game style, semi-realistic and colorful, soft shading, clean bold outlines, simple and instantly recognizable silhouette even at small size, no text, no letters, no watermark, no signature, square format."
Informatique,constituant,,Registre,informatique_constituant_registre.png,"Digital illustration icon of Registre, centered on a plain light background, small children's card game style, semi-realistic and colorful, soft shading, clean bold outlines, simple and instantly recognizable silhouette even at small size, no text, no letters, no watermark, no signature, square format."
Informatique,produit,K,Moteur de recherche,informatique_produit_moteur_de_recherche.png,"Digital illustration of Moteur de recherche, centered composition, small children's card game style, semi-realistic and colorful, warm inviting lighting, clean bold outlines, simple uncluttered background, vibrant but harmonious colors, no text, no letters, no watermark, no signature, square format, leaves breathing room around the edges for a circular crop."
Informatique,constituant,,Index,informatique_constituant_index.png,"Digital illustration icon of Index, centered on a plain light background, small children's card game style, semi-realistic and colorful, soft shading, clean bold outlines, simple and instantly recognizable silhouette even at small size, no text, no letters, no watermark, no signature, square format."
Informatique,constituant,,Crawler,informatique_constituant_crawler.png,"Digital illustration icon of Crawler, centered on a plain light background, small children's card game style, semi-realistic and colorful, soft shading, clean bold outlines, simple and instantly recognizable silhouette even at small size, no text, no letters, no watermark, no signature, square format."
Informatique,constituant,,Algorithme,informatique_constituant_algorithme.png,"Digital illustration icon of Algorithme, centered on a plain light background, small children's card game style, semi-realistic and colorful, soft shading, clean bold outlines, simple and instantly recognizable silhouette even at small size, no text, no letters, no watermark, no signature, square format."
Informatique,produit,L,Service de cartographie,informatique_produit_service_de_cartographie.png,"Digital illustration of Service de cartographie, centered composition, small children's card game style, semi-realistic and colorful, warm inviting lighting, clean bold outlines, simple uncluttered background, vibrant but harmonious colors, no text, no letters, no watermark, no signature, square format, leaves breathing room around the edges for a circular crop."
Informatique,constituant,,Cartes,informatique_constituant_cartes.png,"Digital illustration icon of Cartes, centered on a plain light background, small children's card game style, semi-realistic and colorful, soft shading, clean bold outlines, simple and instantly recognizable silhouette even at small size, no text, no letters, no watermark, no signature, square format."
Informatique,constituant,,Coordonnées,informatique_constituant_coordonnees.png,"Digital illustration icon of Coordonnées, centered on a plain light background, small children's card game style, semi-realistic and colorful, soft shading, clean bold outlines, simple and instantly recognizable silhouette even at small size, no text, no letters, no watermark, no signature, square format."
Informatique,constituant,,Calcul d'itinéraire,informatique_constituant_calcul_d_itineraire.png,"Digital illustration icon of Calcul d'itinéraire, centered on a plain light background, small children's card game style, semi-realistic and colorful, soft shading, clean bold outlines, simple and instantly recognizable silhouette even at small size, no text, no letters, no watermark, no signature, square format."
Informatique,produit,M,Plateforme vidéo,informatique_produit_plateforme_video.png,"Digital illustration of Plateforme vidéo, centered composition, small children's card game style, semi-realistic and colorful, warm inviting lighting, clean bold outlines, simple uncluttered background, vibrant but harmonious colors, no text, no letters, no watermark, no signature, square format, leaves breathing room around the edges for a circular crop."
Informatique,constituant,,Vidéo,informatique_constituant_video.png,"Digital illustration icon of Vidéo, centered on a plain light background, small children's card game style, semi-realistic and colorful, soft shading, clean bold outlines, simple and instantly recognizable silhouette even at small size, no text, no letters, no watermark, no signature, square format."
Informatique,constituant,,Encodage,informatique_constituant_encodage.png,"Digital illustration icon of Encodage, centered on a plain light background, small children's card game style, semi-realistic and colorful, soft shading, clean bold outlines, simple and instantly recognizable silhouette even at small size, no text, no letters, no watermark, no signature, square format."
Informatique,constituant,,Stockage,informatique_constituant_stockage.png,"Digital illustration icon of Stockage, centered on a plain light background, small children's card game style, semi-realistic and colorful, soft shading, clean bold outlines, simple and instantly recognizable silhouette even at small size, no text, no letters, no watermark, no signature, square format."
Informatique,constituant,,Diffusion,informatique_constituant_diffusion.png,"Digital illustration icon of Diffusion, centered on a plain light background, small children's card game style, semi-realistic and colorful, soft shading, clean bold outlines, simple and instantly recognizable silhouette even at small size, no text, no letters, no watermark, no signature, square format."
Informatique,constituant,,Lecteur,informatique_constituant_lecteur.png,"Digital illustration icon of Lecteur, centered on a plain light background, small children's card game style, semi-realistic and colorful, soft shading, clean bold outlines, simple and instantly recognizable silhouette even at small size, no text, no letters, no watermark, no signature, square format."
Informatique,produit,N,Cloud de stockage,informatique_produit_cloud_de_stockage.png,"Digital illustration of Cloud de stockage, centered composition, small children's card game style, semi-realistic and colorful, warm inviting lighting, clean bold outlines, simple uncluttered background, vibrant but harmonious colors, no text, no letters, no watermark, no signature, square format, leaves breathing room around the edges for a circular crop."
Informatique,constituant,,Serveurs,informatique_constituant_serveurs.png,"Digital illustration icon of Serveurs, centered on a plain light background, small children's card game style, semi-realistic and colorful, soft shading, clean bold outlines, simple and instantly recognizable silhouette even at small size, no text, no letters, no watermark, no signature, square format."
Informatique,constituant,,Synchronisation,informatique_constituant_synchronisation.png,"Digital illustration icon of Synchronisation, centered on a plain light background, small children's card game style, semi-realistic and colorful, soft shading, clean bold outlines, simple and instantly recognizable silhouette even at small size, no text, no letters, no watermark, no signature, square format."
Informatique,produit,O,Assistant conversationnel,informatique_produit_assistant_conversationnel.png,"Digital illustration of Assistant conversationnel, centered composition, small children's card game style, semi-realistic and colorful, warm inviting lighting, clean bold outlines, simple uncluttered background, vibrant but harmonious colors, no text, no letters, no watermark, no signature, square format, leaves breathing room around the edges for a circular crop."
Informatique,constituant,,Modèle IA,informatique_constituant_modele_ia.png,"Digital illustration icon of Modèle IA, centered on a plain light background, small children's card game style, semi-realistic and colorful, soft shading, clean bold outlines, simple and instantly recognizable silhouette even at small size, no text, no letters, no watermark, no signature, square format."
Informatique,constituant,,Données,informatique_constituant_donnees.png,"Digital illustration icon of Données, centered on a plain light background, small children's card game style, semi-realistic and colorful, soft shading, clean bold outlines, simple and instantly recognizable silhouette even at small size, no text, no letters, no watermark, no signature, square format."
Informatique,constituant,,Historique,informatique_constituant_historique.png,"Digital illustration icon of Historique, centered on a plain light background, small children's card game style, semi-realistic and colorful, soft shading, clean bold outlines, simple and instantly recognizable silhouette even at small size, no text, no letters, no watermark, no signature, square format."
Informatique,produit,P,Système de recommandation,informatique_produit_systeme_de_recommandation.png,"Digital illustration of Système de recommandation, centered composition, small children's card game style, semi-realistic and colorful, warm inviting lighting, clean bold outlines, simple uncluttered background, vibrant but harmonious colors, no text, no letters, no watermark, no signature, square format, leaves breathing room around the edges for a circular crop."
Informatique,constituant,,Profil utilisateur,informatique_constituant_profil_utilisateur.png,"Digital illustration icon of Profil utilisateur, centered on a plain light background, small children's card game style, semi-realistic and colorful, soft shading, clean bold outlines, simple and instantly recognizable silhouette even at small size, no text, no letters, no watermark, no signature, square format."
Informatique,constituant,,Calcul,informatique_constituant_calcul.png,"Digital illustration icon of Calcul, centered on a plain light background, small children's card game style, semi-realistic and colorful, soft shading, clean bold outlines, simple and instantly recognizable silhouette even at small size, no text, no letters, no watermark, no signature, square format."
Informatique,produit,Q,Plateforme d'apprentissage,informatique_produit_plateforme_d_apprentissage.png,"Digital illustration of Plateforme d'apprentissage, centered composition, small children's card game style, semi-realistic and colorful, warm inviting lighting, clean bold outlines, simple uncluttered background, vibrant but harmonious colors, no text, no letters, no watermark, no signature, square format, leaves breathing room around the edges for a circular crop."
Informatique,constituant,,Cours,informatique_constituant_cours.png,"Digital illustration icon of Cours, centered on a plain light background, small children's card game style, semi-realistic and colorful, soft shading, clean bold outlines, simple and instantly recognizable silhouette even at small size, no text, no letters, no watermark, no signature, square format."
Informatique,constituant,,Quiz,informatique_constituant_quiz.png,"Digital illustration icon of Quiz, centered on a plain light background, small children's card game style, semi-realistic and colorful, soft shading, clean bold outlines, simple and instantly recognizable silhouette even at small size, no text, no letters, no watermark, no signature, square format."
Informatique,constituant,,Progression,informatique_constituant_progression.png,"Digital illustration icon of Progression, centered on a plain light background, small children's card game style, semi-realistic and colorful, soft shading, clean bold outlines, simple and instantly recognizable silhouette even at small size, no text, no letters, no watermark, no signature, square format."
Informatique,produit,R,Logiciel de visioconférence,informatique_produit_logiciel_de_visioconference.png,"Digital illustration of Logiciel de visioconférence, centered composition, small children's card game style, semi-realistic and colorful, warm inviting lighting, clean bold outlines, simple uncluttered background, vibrant but harmonious colors, no text, no letters, no watermark, no signature, square format, leaves breathing room around the edges for a circular crop."
Informatique,constituant,,Caméra,informatique_constituant_camera.png,"Digital illustration icon of Caméra, centered on a plain light background, small children's card game style, semi-realistic and colorful, soft shading, clean bold outlines, simple and instantly recognizable silhouette even at small size, no text, no letters, no watermark, no signature, square format."
Informatique,constituant,,Réseau,informatique_constituant_reseau.png,"Digital illustration icon of Réseau, centered on a plain light background, small children's card game style, semi-realistic and colorful, soft shading, clean bold outlines, simple and instantly recognizable silhouette even at small size, no text, no letters, no watermark, no signature, square format."
Informatique,produit,S,Gestionnaire de mots de passe,informatique_produit_gestionnaire_de_mots_de_passe.png,"Digital illustration of Gestionnaire de mots de passe, centered composition, small children's card game style, semi-realistic and colorful, warm inviting lighting, clean bold outlines, simple uncluttered background, vibrant but harmonious colors, no text, no letters, no watermark, no signature, square format, leaves breathing room around the edges for a circular crop."
Informatique,constituant,,Coffre chiffré,informatique_constituant_coffre_chiffre.png,"Digital illustration icon of Coffre chiffré, centered on a plain light background, small children's card game style, semi-realistic and colorful, soft shading, clean bold outlines, simple and instantly recognizable silhouette even at small size, no text, no letters, no watermark, no signature, square format."
Informatique,constituant,,Générateur,informatique_constituant_generateur.png,"Digital illustration icon of Générateur, centered on a plain light background, small children's card game style, semi-realistic and colorful, soft shading, clean bold outlines, simple and instantly recognizable silhouette even at small size, no text, no letters, no watermark, no signature, square format."
Informatique,produit,T,Antivirus,informatique_produit_antivirus.png,"Digital illustration of Antivirus, centered composition, small children's card game style, semi-realistic and colorful, warm inviting lighting, clean bold outlines, simple uncluttered background, vibrant but harmonious colors, no text, no letters, no watermark, no signature, square format, leaves breathing room around the edges for a circular crop."
Informatique,constituant,,Analyseur,informatique_constituant_analyseur.png,"Digital illustration icon of Analyseur, centered on a plain light background, small children's card game style, semi-realistic and colorful, soft shading, clean bold outlines, simple and instantly recognizable silhouette even at small size, no text, no letters, no watermark, no signature, square format."
Informatique,constituant,,Base de signatures,informatique_constituant_base_de_signatures.png,"Digital illustration icon of Base de signatures, centered on a plain light background, small children's card game style, semi-realistic and colorful, soft shading, clean bold outlines, simple and instantly recognizable silhouette even at small size, no text, no letters, no watermark, no signature, square format."
Informatique,constituant,,Moteur de détection,informatique_constituant_moteur_de_detection.png,"Digital illustration icon of Moteur de détection, centered on a plain light background, small children's card game style, semi-realistic and colorful, soft shading, clean bold outlines, simple and instantly recognizable silhouette even at small size, no text, no letters, no watermark, no signature, square format."
Informatique,constituant,,Quarantaine,informatique_constituant_quarantaine.png,"Digital illustration icon of Quarantaine, centered on a plain light background, small children's card game style, semi-realistic and colorful, soft shading, clean bold outlines, simple and instantly recognizable silhouette even at small size, no text, no letters, no watermark, no signature, square format."
Informatique,constituant,,Mises à jour,informatique_constituant_mises_a_jour.png,"Digital illustration icon of Mises à jour, centered on a plain light background, small children's card game style, semi-realistic and colorful, soft shading, clean bold outlines, simple and instantly recognizable silhouette even at small size, no text, no letters, no watermark, no signature, square format."
Informatique,produit,U,Jeu multijoueur en ligne,informatique_produit_jeu_multijoueur_en_ligne.png,"Digital illustration of Jeu multijoueur en ligne, centered composition, small children's card game style, semi-realistic and colorful, warm inviting lighting, clean bold outlines, simple uncluttered background, vibrant but harmonious colors, no text, no letters, no watermark, no signature, square format, leaves breathing room around the edges for a circular crop."
Informatique,constituant,,Client,informatique_constituant_client.png,"Digital illustration icon of Client, centered on a plain light background, small children's card game style, semi-realistic and colorful, soft shading, clean bold outlines, simple and instantly recognizable silhouette even at small size, no text, no letters, no watermark, no signature, square format."
Informatique,constituant,,Matchmaking,informatique_constituant_matchmaking.png,"Digital illustration icon of Matchmaking, centered on a plain light background, small children's card game style, semi-realistic and colorful, soft shading, clean bold outlines, simple and instantly recognizable silhouette even at small size, no text, no letters, no watermark, no signature, square format."
Informatique,constituant,,Compte,informatique_constituant_compte.png,"Digital illustration icon of Compte, centered on a plain light background, small children's card game style, semi-realistic and colorful, soft shading, clean bold outlines, simple and instantly recognizable silhouette even at small size, no text, no letters, no watermark, no signature, square format."
Informatique,constituant,,Classement,informatique_constituant_classement.png,"Digital illustration icon of Classement, centered on a plain light background, small children's card game style, semi-realistic and colorful, soft shading, clean bold outlines, simple and instantly recognizable silhouette even at small size, no text, no letters, no watermark, no signature, square format."
Informatique,produit,V,Bibliothèque numérique,informatique_produit_bibliotheque_numerique.png,"Digital illustration of Bibliothèque numérique, centered composition, small children's card game style, semi-realistic and colorful, warm inviting lighting, clean bold outlines, simple uncluttered background, vibrant but harmonious colors, no text, no letters, no watermark, no signature, square format, leaves breathing room around the edges for a circular crop."
Informatique,constituant,,Métadonnées,informatique_constituant_metadonnees.png,"Digital illustration icon of Métadonnées, centered on a plain light background, small children's card game style, semi-realistic and colorful, soft shading, clean bold outlines, simple and instantly recognizable silhouette even at small size, no text, no letters, no watermark, no signature, square format."
Informatique,constituant,,Recherche,informatique_constituant_recherche.png,"Digital illustration icon of Recherche, centered on a plain light background, small children's card game style, semi-realistic and colorful, soft shading, clean bold outlines, simple and instantly recognizable silhouette even at small size, no text, no letters, no watermark, no signature, square format."
Informatique,produit,W,Système de vote numérique,informatique_produit_systeme_de_vote_numerique.png,"Digital illustration of Système de vote numérique, centered composition, small children's card game style, semi-realistic and colorful, warm inviting lighting, clean bold outlines, simple uncluttered background, vibrant but harmonious colors, no text, no letters, no watermark, no signature, square format, leaves breathing room around the edges for a circular crop."
Informatique,constituant,,Identité,informatique_constituant_identite.png,"Digital illustration icon of Identité, centered on a plain light background, small children's card game style, semi-realistic and colorful, soft shading, clean bold outlines, simple and instantly recognizable silhouette even at small size, no text, no letters, no watermark, no signature, square format."
Informatique,constituant,,Bulletin,informatique_constituant_bulletin.png,"Digital illustration icon of Bulletin, centered on a plain light background, small children's card game style, semi-realistic and colorful, soft shading, clean bold outlines, simple and instantly recognizable silhouette even at small size, no text, no letters, no watermark, no signature, square format."
Informatique,constituant,,Dépouillement,informatique_constituant_depouillement.png,"Digital illustration icon of Dépouillement, centered on a plain light background, small children's card game style, semi-realistic and colorful, soft shading, clean bold outlines, simple and instantly recognizable silhouette even at small size, no text, no letters, no watermark, no signature, square format."
Informatique,produit,X,Jumeau numérique,informatique_produit_jumeau_numerique.png,"Digital illustration of Jumeau numérique, centered composition, small children's card game style, semi-realistic and colorful, warm inviting lighting, clean bold outlines, simple uncluttered background, vibrant but harmonious colors, no text, no letters, no watermark, no signature, square format, leaves breathing room around the edges for a circular crop."
Informatique,constituant,,Modèle 3D,informatique_constituant_modele_3d.png,"Digital illustration icon of Modèle 3D, centered on a plain light background, small children's card game style, semi-realistic and colorful, soft shading, clean bold outlines, simple and instantly recognizable silhouette even at small size, no text, no letters, no watermark, no signature, square format."
Informatique,constituant,,Données capteurs,informatique_constituant_donnees_capteurs.png,"Digital illustration icon of Données capteurs, centered on a plain light background, small children's card game style, semi-realistic and colorful, soft shading, clean bold outlines, simple and instantly recognizable silhouette even at small size, no text, no letters, no watermark, no signature, square format."
Informatique,constituant,,Simulation,informatique_constituant_simulation.png,"Digital illustration icon of Simulation, centered on a plain light background, small children's card game style, semi-realistic and colorful, soft shading, clean bold outlines, simple and instantly recognizable silhouette even at small size, no text, no letters, no watermark, no signature, square format."
Informatique,constituant,,Visualisation,informatique_constituant_visualisation.png,"Digital illustration icon of Visualisation, centered on a plain light background, small children's card game style, semi-realistic and colorful, soft shading, clean bold outlines, simple and instantly recognizable silhouette even at small size, no text, no letters, no watermark, no signature, square format."
Informatique,produit,Y,Intelligence artificielle générative,informatique_produit_intelligence_artificielle_generative.png,"Digital illustration of Intelligence artificielle générative, centered composition, small children's card game style, semi-realistic and colorful, warm inviting lighting, clean bold outlines, simple uncluttered background, vibrant but harmonious colors, no text, no letters, no watermark, no signature, square format, leaves breathing room around the edges for a circular crop."
Informatique,constituant,,Modèle,informatique_constituant_modele.png,"Digital illustration icon of Modèle, centered on a plain light background, small children's card game style, semi-realistic and colorful, soft shading, clean bold outlines, simple and instantly recognizable silhouette even at small size, no text, no letters, no watermark, no signature, square format."
Informatique,constituant,,Corpus,informatique_constituant_corpus.png,"Digital illustration icon of Corpus, centered on a plain light background, small children's card game style, semi-realistic and colorful, soft shading, clean bold outlines, simple and instantly recognizable silhouette even at small size, no text, no letters, no watermark, no signature, square format."
Informatique,constituant,,GPU,informatique_constituant_gpu.png,"Digital illustration icon of GPU, centered on a plain light background, small children's card game style, semi-realistic and colorful, soft shading, clean bold outlines, simple and instantly recognizable silhouette even at small size, no text, no letters, no watermark, no signature, square format."
Informatique,produit,Z,Système d'exploitation,informatique_produit_systeme_d_exploitation.png,"Digital illustration of Système d'exploitation, centered composition, small children's card game style, semi-realistic and colorful, warm inviting lighting, clean bold outlines, simple uncluttered background, vibrant but harmonious colors, no text, no letters, no watermark, no signature, square format, leaves breathing room around the edges for a circular crop."
Informatique,constituant,,Noyau,informatique_constituant_noyau.png,"Digital illustration icon of Noyau, centered on a plain light background, small children's card game style, semi-realistic and colorful, soft shading, clean bold outlines, simple and instantly recognizable silhouette even at small size, no text, no letters, no watermark, no signature, square format."
Informatique,constituant,,Pilotes,informatique_constituant_pilotes.png,"Digital illustration icon of Pilotes, centered on a plain light background, small children's card game style, semi-realistic and colorful, soft shading, clean bold outlines, simple and instantly recognizable silhouette even at small size, no text, no letters, no watermark, no signature, square format."
Informatique,constituant,,Système de fichiers,informatique_constituant_systeme_de_fichiers.png,"Digital illustration icon of Système de fichiers, centered on a plain light background, small children's card game style, semi-realistic and colorful, soft shading, clean bold outlines, simple and instantly recognizable silhouette even at small size, no text, no letters, no watermark, no signature, square format."
Informatique,constituant,,Gestion mémoire,informatique_constituant_gestion_memoire.png,"Digital illustration icon of Gestion mémoire, centered on a plain light background, small children's card game style, semi-realistic and colorful, soft shading, clean bold outlines, simple and instantly recognizable silhouette even at small size, no text, no letters, no watermark, no signature, square format."
